Other LitigationRelated to O,Related to Our Products,ur Productsand Services,Column_4,onetary and oth,er injunctive,relief. These la,wsuits incl,ude propos,ed class actions and,other
consumer claims,"that allege,",among othe,"r things, purpor",ted defects and,misreprese,ntations related,to our prod,ucts and se,rvices. For example,", on Septem"
Other LitigationRelated to ORelated to Our Products,Related to Our Productsur Productsand Services,,d against Tesla,onetary and other injunctive,er injunctiverelief. These la,relief. These lawsuits incl,wsuits include propos,ude proposed class actions and,ed class actions andother,
"consumer claimsthat allege,","that allege, among othe","among other things, purpor","r things, purported defects and",ted defects andmisreprese,misrepresentations related,ntations relatedto our prod,to our products and se,ucts and services. For example,"rvices. For example, on Septem",
Other LitigationRelated to ORelated to Our ProductsRelated to Our Productsur Productsand Services,,Consolidate,d against Teslaonetary and other injunctive,onetary and other injunctiveer injunctiverelief. These la,er injunctiverelief. These larelief. These lawsuits incl,relief. These lawsuits inclwsuits include propos,wsuits include proposude proposed class actions and,ude proposed class actions anded class actions andother,,f of all pers
"consumer claimsthat allege, that allege, among othe","that allege, among otheamong other things, purpor","among other things, purporr things, purported defects and","r things, purported defects andted defects andmisreprese",ted defects andmisrepresemisrepresentations related,misrepresentations relatedntations relatedto our prod,ntations relatedto our prodto our products and se,to our products and seucts and services. For example,"ucts and services. For examplervices. For example, on Septem",,in the U.S.
District Court for,the Eastern,Consolidated against Teslaonetary and other injunctive,d against Teslaonetary and other injunctiveonetary and other injunctiveer injunctiverelief. These la,onetary and other injunctiveer injunctiverelief. These laer injunctiverelief. These larelief. These lawsuits incl,er injunctiverelief. These larelief. These lawsuits inclrelief. These lawsuits inclwsuits include propos,relief. These lawsuits inclwsuits include proposwsuits include proposude proposed class actions and,wsuits include proposude proposed class actions andude proposed class actions anded class actions andother,,nts. On September,"30, 2023, th"
"consumer claimsthat allege, that allege, among othethat allege, among otheamong other things, purpor","that allege, among otheamong other things, purporamong other things, purporr things, purported defects and","among other things, purporr things, purported defects andr things, purported defects andted defects andmisreprese","r things, purported defects andted defects andmisrepreseted defects andmisrepresemisrepresentations related",ted defects andmisrepresemisrepresentations relatedmisrepresentations relatedntations relatedto our prod,misrepresentations relatedntations relatedto our prodntations relatedto our prodto our products and se,ntations relatedto our prodto our products and seto our products and seucts and services. For example,"to our products and seucts and services. For exampleucts and services. For examplervices. For example, on Septem",,"omplaint, which Tes",la opposed.
District Court forthe Eastern,the EasternConsolidated against Teslaonetary and other injunctive,Consolidated against Teslaonetary and other injunctived against Teslaonetary and other injunctiveonetary and other injunctiveer injunctiverelief. These la,d against Teslaonetary and other injunctiveonetary and other injunctiveer injunctiverelief. These laonetary and other injunctiveer injunctiverelief. These laer injunctiverelief. These larelief. These lawsuits incl,onetary and other injunctiveer injunctiverelief. These laer injunctiverelief. These larelief. These lawsuits incler injunctiverelief. These larelief. These lawsuits inclrelief. These lawsuits inclwsuits include propos,er injunctiverelief. These larelief. These lawsuits inclrelief. These lawsuits inclwsuits include proposrelief. These lawsuits inclwsuits include proposwsuits include proposude proposed class actions and,relief. These lawsuits inclwsuits include proposwsuits include proposude proposed class actions andwsuits include proposude proposed class actions andude proposed class actions anded class actions andother,,ment for Te,"nts. On September30, 2023, th",
"consumer claimsthat allege, that allege, among othethat allege, among otheamong other things, purporthat allege, among otheamong other things, purporamong other things, purporr things, purported defects and","that allege, among otheamong other things, purporamong other things, purporr things, purported defects andamong other things, purporr things, purported defects andr things, purported defects andted defects andmisreprese","among other things, purporr things, purported defects andr things, purported defects andted defects andmisrepreser things, purported defects andted defects andmisrepreseted defects andmisrepresemisrepresentations related","r things, purported defects andted defects andmisrepreseted defects andmisrepresemisrepresentations relatedted defects andmisrepresemisrepresentations relatedmisrepresentations relatedntations relatedto our prod",ted defects andmisrepresemisrepresentations relatedmisrepresentations relatedntations relatedto our prodmisrepresentations relatedntations relatedto our prodntations relatedto our prodto our products and se,misrepresentations relatedntations relatedto our prodntations relatedto our prodto our products and sentations relatedto our prodto our products and seto our products and seucts and services. For example,"ntations relatedto our prodto our products and seto our products and seucts and services. For exampleto our products and seucts and services. For exampleucts and services. For examplervices. For example, on Septem",,urred on M,"omplaint, which Tesla opposed.",
District Court forthe Easternthe EasternConsolidated against Teslaonetary and other injunctive,the EasternConsolidated against Teslaonetary and other injunctiveConsolidated against Teslaonetary and other injunctived against Teslaonetary and other injunctiveonetary and other injunctiveer injunctiverelief. These la,Consolidated against Teslaonetary and other injunctived against Teslaonetary and other injunctiveonetary and other injunctiveer injunctiverelief. These lad against Teslaonetary and other injunctiveonetary and other injunctiveer injunctiverelief. These laonetary and other injunctiveer injunctiverelief. These laer injunctiverelief. These larelief. These lawsuits incl,d against Teslaonetary and other injunctiveonetary and other injunctiveer injunctiverelief. These laonetary and other injunctiveer injunctiverelief. These laer injunctiverelief. These larelief. These lawsuits inclonetary and other injunctiveer injunctiverelief. These laer injunctiverelief. These larelief. These lawsuits incler injunctiverelief. These larelief. These lawsuits inclrelief. These lawsuits inclwsuits include propos,onetary and other injunctiveer injunctiverelief. These laer injunctiverelief. These larelief. These lawsuits incler injunctiverelief. These larelief. These lawsuits inclrelief. These lawsuits inclwsuits include proposer injunctiverelief. These larelief. These lawsuits inclrelief. These lawsuits inclwsuits include proposrelief. These lawsuits inclwsuits include proposwsuits include proposude proposed class actions and,er injunctiverelief. These larelief. These lawsuits inclrelief. These lawsuits inclwsuits include proposrelief. These lawsuits inclwsuits include proposwsuits include proposude proposed class actions andrelief. These lawsuits inclwsuits include proposwsuits include proposude proposed class actions andwsuits include proposude proposed class actions andude proposed class actions anded class actions andother,,plaintiffs i,"ment for Tents. On September30, 2023, th",,rnia
"consumer claimsthat allege, that allege, among othethat allege, among otheamong other things, purporthat allege, among otheamong other things, purporamong other things, purporr things, purported defects andthat allege, among otheamong other things, purporamong other things, purporr things, purported defects andamong other things, purporr things, purported defects andr things, purported defects andted defects andmisreprese","that allege, among otheamong other things, purporamong other things, purporr things, purported defects andamong other things, purporr things, purported defects andr things, purported defects andted defects andmisrepreseamong other things, purporr things, purported defects andr things, purported defects andted defects andmisrepreser things, purported defects andted defects andmisrepreseted defects andmisrepresemisrepresentations related","among other things, purporr things, purported defects andr things, purported defects andted defects andmisrepreser things, purported defects andted defects andmisrepreseted defects andmisrepresemisrepresentations relatedr things, purported defects andted defects andmisrepreseted defects andmisrepresemisrepresentations relatedted defects andmisrepresemisrepresentations relatedmisrepresentations relatedntations relatedto our prod","r things, purported defects andted defects andmisrepreseted defects andmisrepresemisrepresentations relatedted defects andmisrepresemisrepresentations relatedmisrepresentations relatedntations relatedto our prodted defects andmisrepresemisrepresentations relatedmisrepresentations relatedntations relatedto our prodmisrepresentations relatedntations relatedto our prodntations relatedto our prodto our products and se",ted defects andmisrepresemisrepresentations relatedmisrepresentations relatedntations relatedto our prodmisrepresentations relatedntations relatedto our prodntations relatedto our prodto our products and semisrepresentations relatedntations relatedto our prodntations relatedto our prodto our products and sentations relatedto our prodto our products and seto our products and seucts and services. For example,"misrepresentations relatedntations relatedto our prodntations relatedto our prodto our products and sentations relatedto our prodto our products and seto our products and seucts and services. For examplentations relatedto our prodto our products and seto our products and seucts and services. For exampleto our products and seucts and services. For exampleucts and services. For examplervices. For example, on Septem",,erm “Full S,"urred on Momplaint, which Tesla opposed.",,"pability), (2"
District Court forthe Easternthe EasternConsolidated against Teslaonetary and other injunctivethe EasternConsolidated against Teslaonetary and other injunctiveConsolidated against Teslaonetary and other injunctived against Teslaonetary and other injunctiveonetary and other injunctiveer injunctiverelief. These la,the EasternConsolidated against Teslaonetary and other injunctiveConsolidated against Teslaonetary and other injunctived against Teslaonetary and other injunctiveonetary and other injunctiveer injunctiverelief. These laConsolidated against Teslaonetary and other injunctived against Teslaonetary and other injunctiveonetary and other injunctiveer injunctiverelief. These lad against Teslaonetary and other injunctiveonetary and other injunctiveer injunctiverelief. These laonetary and other injunctiveer injunctiverelief. These laer injunctiverelief. These larelief. These lawsuits incl,Consolidated against Teslaonetary and other injunctived against Teslaonetary and other injunctiveonetary and other injunctiveer injunctiverelief. These lad against Teslaonetary and other injunctiveonetary and other injunctiveer injunctiverelief. These laonetary and other injunctiveer injunctiverelief. These laer injunctiverelief. These larelief. These lawsuits incld against Teslaonetary and other injunctiveonetary and other injunctiveer injunctiverelief. These laonetary and other injunctiveer injunctiverelief. These laer injunctiverelief. These larelief. These lawsuits inclonetary and other injunctiveer injunctiverelief. These laer injunctiverelief. These larelief. These lawsuits incler injunctiverelief. These larelief. These lawsuits inclrelief. These lawsuits inclwsuits include propos,d against Teslaonetary and other injunctiveonetary and other injunctiveer injunctiverelief. These laonetary and other injunctiveer injunctiverelief. These laer injunctiverelief. These larelief. These lawsuits inclonetary and other injunctiveer injunctiverelief. These laer injunctiverelief. These larelief. These lawsuits incler injunctiverelief. These larelief. These lawsuits inclrelief. These lawsuits inclwsuits include proposonetary and other injunctiveer injunctiverelief. These laer injunctiverelief. These larelief. These lawsuits incler injunctiverelief. These larelief. These lawsuits inclrelief. These lawsuits inclwsuits include proposer injunctiverelief. These larelief. These lawsuits inclrelief. These lawsuits inclwsuits include proposrelief. These lawsuits inclwsuits include proposwsuits include proposude proposed class actions and,onetary and other injunctiveer injunctiverelief. These laer injunctiverelief. These larelief. These lawsuits incler injunctiverelief. These larelief. These lawsuits inclrelief. These lawsuits inclwsuits include proposer injunctiverelief. These larelief. These lawsuits inclrelief. These lawsuits inclwsuits include proposrelief. These lawsuits inclwsuits include proposwsuits include proposude proposed class actions ander injunctiverelief. These larelief. These lawsuits inclrelief. These lawsuits inclwsuits include proposrelief. These lawsuits inclwsuits include proposwsuits include proposude proposed class actions andrelief. These lawsuits inclwsuits include proposwsuits include proposude proposed class actions andwsuits include proposude proposed class actions andude proposed class actions anded class actions andother,,"sla vehicles, and","plaintiffs iment for Tents. On September30, 2023, th",,tices to consumers,about propo
"consumer claimsthat allege, that allege, among othethat allege, among otheamong other things, purporthat allege, among otheamong other things, purporamong other things, purporr things, purported defects andthat allege, among otheamong other things, purporamong other things, purporr things, purported defects andamong other things, purporr things, purported defects andr things, purported defects andted defects andmisrepresethat allege, among otheamong other things, purporamong other things, purporr things, purported defects andamong other things, purporr things, purported defects andr things, purported defects andted defects andmisrepreseamong other things, purporr things, purported defects andr things, purported defects andted defects andmisrepreser things, purported defects andted defects andmisrepreseted defects andmisrepresemisrepresentations related","that allege, among otheamong other things, purporamong other things, purporr things, purported defects andamong other things, purporr things, purported defects andr things, purported defects andted defects andmisrepreseamong other things, purporr things, purported defects andr things, purported defects andted defects andmisrepreser things, purported defects andted defects andmisrepreseted defects andmisrepresemisrepresentations relatedamong other things, purporr things, purported defects andr things, purported defects andted defects andmisrepreser things, purported defects andted defects andmisrepreseted defects andmisrepresemisrepresentations relatedr things, purported defects andted defects andmisrepreseted defects andmisrepresemisrepresentations relatedted defects andmisrepresemisrepresentations relatedmisrepresentations relatedntations relatedto our prod","among other things, purporr things, purported defects andr things, purported defects andted defects andmisrepreser things, purported defects andted defects andmisrepreseted defects andmisrepresemisrepresentations relatedr things, purported defects andted defects andmisrepreseted defects andmisrepresemisrepresentations relatedted defects andmisrepresemisrepresentations relatedmisrepresentations relatedntations relatedto our prodr things, purported defects andted defects andmisrepreseted defects andmisrepresemisrepresentations relatedted defects andmisrepresemisrepresentations relatedmisrepresentations relatedntations relatedto our prodted defects andmisrepresemisrepresentations relatedmisrepresentations relatedntations relatedto our prodmisrepresentations relatedntations relatedto our prodntations relatedto our prodto our products and se","r things, purported defects andted defects andmisrepreseted defects andmisrepresemisrepresentations relatedted defects andmisrepresemisrepresentations relatedmisrepresentations relatedntations relatedto our prodted defects andmisrepresemisrepresentations relatedmisrepresentations relatedntations relatedto our prodmisrepresentations relatedntations relatedto our prodntations relatedto our prodto our products and seted defects andmisrepresemisrepresentations relatedmisrepresentations relatedntations relatedto our prodmisrepresentations relatedntations relatedto our prodntations relatedto our prodto our products and semisrepresentations relatedntations relatedto our prodntations relatedto our prodto our products and sentations relatedto our prodto our products and seto our products and seucts and services. For example","ted defects andmisrepresemisrepresentations relatedmisrepresentations relatedntations relatedto our prodmisrepresentations relatedntations relatedto our prodntations relatedto our prodto our products and semisrepresentations relatedntations relatedto our prodntations relatedto our prodto our products and sentations relatedto our prodto our products and seto our products and seucts and services. For examplemisrepresentations relatedntations relatedto our prodntations relatedto our prodto our products and sentations relatedto our prodto our products and seto our products and seucts and services. For examplentations relatedto our prodto our products and seto our products and seucts and services. For exampleto our products and seucts and services. For exampleucts and services. For examplervices. For example, on Septem",,ty. Tesla oppos,"erm “Full Surred on Momplaint, which Tesla opposed.",,"ember 30, 2023, the",Court deni
District Court forthe Easternthe EasternConsolidated against Teslaonetary and other injunctivethe EasternConsolidated against Teslaonetary and other injunctiveConsolidated against Teslaonetary and other injunctived against Teslaonetary and other injunctiveonetary and other injunctiveer injunctiverelief. These lathe EasternConsolidated against Teslaonetary and other injunctiveConsolidated against Teslaonetary and other injunctived against Teslaonetary and other injunctiveonetary and other injunctiveer injunctiverelief. These laConsolidated against Teslaonetary and other injunctived against Teslaonetary and other injunctiveonetary and other injunctiveer injunctiverelief. These lad against Teslaonetary and other injunctiveonetary and other injunctiveer injunctiverelief. These laonetary and other injunctiveer injunctiverelief. These laer injunctiverelief. These larelief. These lawsuits incl,the EasternConsolidated against Teslaonetary and other injunctiveConsolidated against Teslaonetary and other injunctived against Teslaonetary and other injunctiveonetary and other injunctiveer injunctiverelief. These laConsolidated against Teslaonetary and other injunctived against Teslaonetary and other injunctiveonetary and other injunctiveer injunctiverelief. These lad against Teslaonetary and other injunctiveonetary and other injunctiveer injunctiverelief. These laonetary and other injunctiveer injunctiverelief. These laer injunctiverelief. These larelief. These lawsuits inclConsolidated against Teslaonetary and other injunctived against Teslaonetary and other injunctiveonetary and other injunctiveer injunctiverelief. These lad against Teslaonetary and other injunctiveonetary and other injunctiveer injunctiverelief. These laonetary and other injunctiveer injunctiverelief. These laer injunctiverelief. These larelief. These lawsuits incld against Teslaonetary and other injunctiveonetary and other injunctiveer injunctiverelief. These laonetary and other injunctiveer injunctiverelief. These laer injunctiverelief. These larelief. These lawsuits inclonetary and other injunctiveer injunctiverelief. These laer injunctiverelief. These larelief. These lawsuits incler injunctiverelief. These larelief. These lawsuits inclrelief. These lawsuits inclwsuits include propos,Consolidated against Teslaonetary and other injunctived against Teslaonetary and other injunctiveonetary and other injunctiveer injunctiverelief. These lad against Teslaonetary and other injunctiveonetary and other injunctiveer injunctiverelief. These laonetary and other injunctiveer injunctiverelief. These laer injunctiverelief. These larelief. These lawsuits incld against Teslaonetary and other injunctiveonetary and other injunctiveer injunctiverelief. These laonetary and other injunctiveer injunctiverelief. These laer injunctiverelief. These larelief. These lawsuits inclonetary and other injunctiveer injunctiverelief. These laer injunctiverelief. These larelief. These lawsuits incler injunctiverelief. These larelief. These lawsuits inclrelief. These lawsuits inclwsuits include proposd against Teslaonetary and other injunctiveonetary and other injunctiveer injunctiverelief. These laonetary and other injunctiveer injunctiverelief. These laer injunctiverelief. These larelief. These lawsuits inclonetary and other injunctiveer injunctiverelief. These laer injunctiverelief. These larelief. These lawsuits incler injunctiverelief. These larelief. These lawsuits inclrelief. These lawsuits inclwsuits include proposonetary and other injunctiveer injunctiverelief. These laer injunctiverelief. These larelief. These lawsuits incler injunctiverelief. These larelief. These lawsuits inclrelief. These lawsuits inclwsuits include proposer injunctiverelief. These larelief. These lawsuits inclrelief. These lawsuits inclwsuits include proposrelief. These lawsuits inclwsuits include proposwsuits include proposude proposed class actions and,d against Teslaonetary and other injunctiveonetary and other injunctiveer injunctiverelief. These laonetary and other injunctiveer injunctiverelief. These laer injunctiverelief. These larelief. These lawsuits inclonetary and other injunctiveer injunctiverelief. These laer injunctiverelief. These larelief. These lawsuits incler injunctiverelief. These larelief. These lawsuits inclrelief. These lawsuits inclwsuits include proposonetary and other injunctiveer injunctiverelief. These laer injunctiverelief. These larelief. These lawsuits incler injunctiverelief. These larelief. These lawsuits inclrelief. These lawsuits inclwsuits include proposer injunctiverelief. These larelief. These lawsuits inclrelief. These lawsuits inclwsuits include proposrelief. These lawsuits inclwsuits include proposwsuits include proposude proposed class actions andonetary and other injunctiveer injunctiverelief. These laer injunctiverelief. These larelief. These lawsuits incler injunctiverelief. These larelief. These lawsuits inclrelief. These lawsuits inclwsuits include proposer injunctiverelief. These larelief. These lawsuits inclrelief. These lawsuits inclwsuits include proposrelief. These lawsuits inclwsuits include proposwsuits include proposude proposed class actions ander injunctiverelief. These larelief. These lawsuits inclrelief. These lawsuits inclwsuits include proposrelief. These lawsuits inclwsuits include proposwsuits include proposude proposed class actions andrelief. These lawsuits inclwsuits include proposwsuits include proposude proposed class actions andwsuits include proposude proposed class actions andude proposed class actions anded class actions andother,,to arbitratio,"sla vehicles, andplaintiffs iment for Tents. On September30, 2023, th",,s of the fift,tices to consumersabout propo,
"consumer claimsthat allege, that allege, among othethat allege, among otheamong other things, purporthat allege, among otheamong other things, purporamong other things, purporr things, purported defects andthat allege, among otheamong other things, purporamong other things, purporr things, purported defects andamong other things, purporr things, purported defects andr things, purported defects andted defects andmisrepresethat allege, among otheamong other things, purporamong other things, purporr things, purported defects andamong other things, purporr things, purported defects andr things, purported defects andted defects andmisrepreseamong other things, purporr things, purported defects andr things, purported defects andted defects andmisrepreser things, purported defects andted defects andmisrepreseted defects andmisrepresemisrepresentations relatedthat allege, among otheamong other things, purporamong other things, purporr things, purported defects andamong other things, purporr things, purported defects andr things, purported defects andted defects andmisrepreseamong other things, purporr things, purported defects andr things, purported defects andted defects andmisrepreser things, purported defects andted defects andmisrepreseted defects andmisrepresemisrepresentations relatedamong other things, purporr things, purported defects andr things, purported defects andted defects andmisrepreser things, purported defects andted defects andmisrepreseted defects andmisrepresemisrepresentations relatedr things, purported defects andted defects andmisrepreseted defects andmisrepresemisrepresentations relatedted defects andmisrepresemisrepresentations relatedmisrepresentations relatedntations relatedto our prod","that allege, among otheamong other things, purporamong other things, purporr things, purported defects andamong other things, purporr things, purported defects andr things, purported defects andted defects andmisrepreseamong other things, purporr things, purported defects andr things, purported defects andted defects andmisrepreser things, purported defects andted defects andmisrepreseted defects andmisrepresemisrepresentations relatedamong other things, purporr things, purported defects andr things, purported defects andted defects andmisrepreser things, purported defects andted defects andmisrepreseted defects andmisrepresemisrepresentations relatedr things, purported defects andted defects andmisrepreseted defects andmisrepresemisrepresentations relatedted defects andmisrepresemisrepresentations relatedmisrepresentations relatedntations relatedto our prodamong other things, purporr things, purported defects andr things, purported defects andted defects andmisrepreser things, purported defects andted defects andmisrepreseted defects andmisrepresemisrepresentations relatedr things, purported defects andted defects andmisrepreseted defects andmisrepresemisrepresentations relatedted defects andmisrepresemisrepresentations relatedmisrepresentations relatedntations relatedto our prodr things, purported defects andted defects andmisrepreseted defects andmisrepresemisrepresentations relatedted defects andmisrepresemisrepresentations relatedmisrepresentations relatedntations relatedto our prodted defects andmisrepresemisrepresentations relatedmisrepresentations relatedntations relatedto our prodmisrepresentations relatedntations relatedto our prodntations relatedto our prodto our products and se","among other things, purporr things, purported defects andr things, purported defects andted defects andmisrepreser things, purported defects andted defects andmisrepreseted defects andmisrepresemisrepresentations relatedr things, purported defects andted defects andmisrepreseted defects andmisrepresemisrepresentations relatedted defects andmisrepresemisrepresentations relatedmisrepresentations relatedntations relatedto our prodr things, purported defects andted defects andmisrepreseted defects andmisrepresemisrepresentations relatedted defects andmisrepresemisrepresentations relatedmisrepresentations relatedntations relatedto our prodted defects andmisrepresemisrepresentations relatedmisrepresentations relatedntations relatedto our prodmisrepresentations relatedntations relatedto our prodntations relatedto our prodto our products and ser things, purported defects andted defects andmisrepreseted defects andmisrepresemisrepresentations relatedted defects andmisrepresemisrepresentations relatedmisrepresentations relatedntations relatedto our prodted defects andmisrepresemisrepresentations relatedmisrepresentations relatedntations relatedto our prodmisrepresentations relatedntations relatedto our prodntations relatedto our prodto our products and seted defects andmisrepresemisrepresentations relatedmisrepresentations relatedntations relatedto our prodmisrepresentations relatedntations relatedto our prodntations relatedto our prodto our products and semisrepresentations relatedntations relatedto our prodntations relatedto our prodto our products and sentations relatedto our prodto our products and seto our products and seucts and services. For example","r things, purported defects andted defects andmisrepreseted defects andmisrepresemisrepresentations relatedted defects andmisrepresemisrepresentations relatedmisrepresentations relatedntations relatedto our prodted defects andmisrepresemisrepresentations relatedmisrepresentations relatedntations relatedto our prodmisrepresentations relatedntations relatedto our prodntations relatedto our prodto our products and seted defects andmisrepresemisrepresentations relatedmisrepresentations relatedntations relatedto our prodmisrepresentations relatedntations relatedto our prodntations relatedto our prodto our products and semisrepresentations relatedntations relatedto our prodntations relatedto our prodto our products and sentations relatedto our prodto our products and seto our products and seucts and services. For exampleted defects andmisrepresemisrepresentations relatedmisrepresentations relatedntations relatedto our prodmisrepresentations relatedntations relatedto our prodntations relatedto our prodto our products and semisrepresentations relatedntations relatedto our prodntations relatedto our prodto our products and sentations relatedto our prodto our products and seto our products and seucts and services. For examplemisrepresentations relatedntations relatedto our prodntations relatedto our prodto our products and sentations relatedto our prodto our products and seto our products and seucts and services. For examplentations relatedto our prodto our products and seto our products and seucts and services. For exampleto our products and seucts and services. For exampleucts and services. For examplervices. For example, on Septem",,District of C,"ty. Tesla opposerm “Full Surred on Momplaint, which Tesla opposed.",,ended com,"ember 30, 2023, theCourt deni",
District Court forthe Easternthe EasternConsolidated against Teslaonetary and other injunctivethe EasternConsolidated against Teslaonetary and other injunctiveConsolidated against Teslaonetary and other injunctived against Teslaonetary and other injunctiveonetary and other injunctiveer injunctiverelief. These lathe EasternConsolidated against Teslaonetary and other injunctiveConsolidated against Teslaonetary and other injunctived against Teslaonetary and other injunctiveonetary and other injunctiveer injunctiverelief. These laConsolidated against Teslaonetary and other injunctived against Teslaonetary and other injunctiveonetary and other injunctiveer injunctiverelief. These lad against Teslaonetary and other injunctiveonetary and other injunctiveer injunctiverelief. These laonetary and other injunctiveer injunctiverelief. These laer injunctiverelief. These larelief. These lawsuits inclthe EasternConsolidated against Teslaonetary and other injunctiveConsolidated against Teslaonetary and other injunctived against Teslaonetary and other injunctiveonetary and other injunctiveer injunctiverelief. These laConsolidated against Teslaonetary and other injunctived against Teslaonetary and other injunctiveonetary and other injunctiveer injunctiverelief. These lad against Teslaonetary and other injunctiveonetary and other injunctiveer injunctiverelief. These laonetary and other injunctiveer injunctiverelief. These laer injunctiverelief. These larelief. These lawsuits inclConsolidated against Teslaonetary and other injunctived against Teslaonetary and other injunctiveonetary and other injunctiveer injunctiverelief. These lad against Teslaonetary and other injunctiveonetary and other injunctiveer injunctiverelief. These laonetary and other injunctiveer injunctiverelief. These laer injunctiverelief. These larelief. These lawsuits incld against Teslaonetary and other injunctiveonetary and other injunctiveer injunctiverelief. These laonetary and other injunctiveer injunctiverelief. These laer injunctiverelief. These larelief. These lawsuits inclonetary and other injunctiveer injunctiverelief. These laer injunctiverelief. These larelief. These lawsuits incler injunctiverelief. These larelief. These lawsuits inclrelief. These lawsuits inclwsuits include propos,the EasternConsolidated against Teslaonetary and other injunctiveConsolidated against Teslaonetary and other injunctived against Teslaonetary and other injunctiveonetary and other injunctiveer injunctiverelief. These laConsolidated against Teslaonetary and other injunctived against Teslaonetary and other injunctiveonetary and other injunctiveer injunctiverelief. These lad against Teslaonetary and other injunctiveonetary and other injunctiveer injunctiverelief. These laonetary and other injunctiveer injunctiverelief. These laer injunctiverelief. These larelief. These lawsuits inclConsolidated against Teslaonetary and other injunctived against Teslaonetary and other injunctiveonetary and other injunctiveer injunctiverelief. These lad against Teslaonetary and other injunctiveonetary and other injunctiveer injunctiverelief. These laonetary and other injunctiveer injunctiverelief. These laer injunctiverelief. These larelief. These lawsuits incld against Teslaonetary and other injunctiveonetary and other injunctiveer injunctiverelief. These laonetary and other injunctiveer injunctiverelief. These laer injunctiverelief. These larelief. These lawsuits inclonetary and other injunctiveer injunctiverelief. These laer injunctiverelief. These larelief. These lawsuits incler injunctiverelief. These larelief. These lawsuits inclrelief. These lawsuits inclwsuits include proposConsolidated against Teslaonetary and other injunctived against Teslaonetary and other injunctiveonetary and other injunctiveer injunctiverelief. These lad against Teslaonetary and other injunctiveonetary and other injunctiveer injunctiverelief. These laonetary and other injunctiveer injunctiverelief. These laer injunctiverelief. These larelief. These lawsuits incld against Teslaonetary and other injunctiveonetary and other injunctiveer injunctiverelief. These laonetary and other injunctiveer injunctiverelief. These laer injunctiverelief. These larelief. These lawsuits inclonetary and other injunctiveer injunctiverelief. These laer injunctiverelief. These larelief. These lawsuits incler injunctiverelief. These larelief. These lawsuits inclrelief. These lawsuits inclwsuits include proposd against Teslaonetary and other injunctiveonetary and other injunctiveer injunctiverelief. These laonetary and other injunctiveer injunctiverelief. These laer injunctiverelief. These larelief. These lawsuits inclonetary and other injunctiveer injunctiverelief. These laer injunctiverelief. These larelief. These lawsuits incler injunctiverelief. These larelief. These lawsuits inclrelief. These lawsuits inclwsuits include proposonetary and other injunctiveer injunctiverelief. These laer injunctiverelief. These larelief. These lawsuits incler injunctiverelief. These larelief. These lawsuits inclrelief. These lawsuits inclwsuits include proposer injunctiverelief. These larelief. These lawsuits inclrelief. These lawsuits inclwsuits include proposrelief. These lawsuits inclwsuits include proposwsuits include proposude proposed class actions and,Consolidated against Teslaonetary and other injunctived against Teslaonetary and other injunctiveonetary and other injunctiveer injunctiverelief. These lad against Teslaonetary and other injunctiveonetary and other injunctiveer injunctiverelief. These laonetary and other injunctiveer injunctiverelief. These laer injunctiverelief. These larelief. These lawsuits incld against Teslaonetary and other injunctiveonetary and other injunctiveer injunctiverelief. These laonetary and other injunctiveer injunctiverelief. These laer injunctiverelief. These larelief. These lawsuits inclonetary and other injunctiveer injunctiverelief. These laer injunctiverelief. These larelief. These lawsuits incler injunctiverelief. These larelief. These lawsuits inclrelief. These lawsuits inclwsuits include proposd against Teslaonetary and other injunctiveonetary and other injunctiveer injunctiverelief. These laonetary and other injunctiveer injunctiverelief. These laer injunctiverelief. These larelief. These lawsuits inclonetary and other injunctiveer injunctiverelief. These laer injunctiverelief. These larelief. These lawsuits incler injunctiverelief. These larelief. These lawsuits inclrelief. These lawsuits inclwsuits include proposonetary and other injunctiveer injunctiverelief. These laer injunctiverelief. These larelief. These lawsuits incler injunctiverelief. These larelief. These lawsuits inclrelief. These lawsuits inclwsuits include proposer injunctiverelief. These larelief. These lawsuits inclrelief. These lawsuits inclwsuits include proposrelief. These lawsuits inclwsuits include proposwsuits include proposude proposed class actions andd against Teslaonetary and other injunctiveonetary and other injunctiveer injunctiverelief. These laonetary and other injunctiveer injunctiverelief. These laer injunctiverelief. These larelief. These lawsuits inclonetary and other injunctiveer injunctiverelief. These laer injunctiverelief. These larelief. These lawsuits incler injunctiverelief. These larelief. These lawsuits inclrelief. These lawsuits inclwsuits include proposonetary and other injunctiveer injunctiverelief. These laer injunctiverelief. These larelief. These lawsuits incler injunctiverelief. These larelief. These lawsuits inclrelief. These lawsuits inclwsuits include proposer injunctiverelief. These larelief. These lawsuits inclrelief. These lawsuits inclwsuits include proposrelief. These lawsuits inclwsuits include proposwsuits include proposude proposed class actions andonetary and other injunctiveer injunctiverelief. These laer injunctiverelief. These larelief. These lawsuits incler injunctiverelief. These larelief. These lawsuits inclrelief. These lawsuits inclwsuits include proposer injunctiverelief. These larelief. These lawsuits inclrelief. These lawsuits inclwsuits include proposrelief. These lawsuits inclwsuits include proposwsuits include proposude proposed class actions ander injunctiverelief. These larelief. These lawsuits inclrelief. These lawsuits inclwsuits include proposrelief. These lawsuits inclwsuits include proposwsuits include proposude proposed class actions andrelief. These lawsuits inclwsuits include proposwsuits include proposude proposed class actions andwsuits include proposude proposed class actions andude proposed class actions anded class actions andother,,and denied in p,"to arbitratiosla vehicles, andplaintiffs iment for Tents. On September30, 2023, th",,"6, 2025, the",s of the fifttices to consumersabout propo,,s certificati
"consumer claimsthat allege, that allege, among othethat allege, among otheamong other things, purporthat allege, among otheamong other things, purporamong other things, purporr things, purported defects andthat allege, among otheamong other things, purporamong other things, purporr things, purported defects andamong other things, purporr things, purported defects andr things, purported defects andted defects andmisrepresethat allege, among otheamong other things, purporamong other things, purporr things, purported defects andamong other things, purporr things, purported defects andr things, purported defects andted defects andmisrepreseamong other things, purporr things, purported defects andr things, purported defects andted defects andmisrepreser things, purported defects andted defects andmisrepreseted defects andmisrepresemisrepresentations relatedthat allege, among otheamong other things, purporamong other things, purporr things, purported defects andamong other things, purporr things, purported defects andr things, purported defects andted defects andmisrepreseamong other things, purporr things, purported defects andr things, purported defects andted defects andmisrepreser things, purported defects andted defects andmisrepreseted defects andmisrepresemisrepresentations relatedamong other things, purporr things, purported defects andr things, purported defects andted defects andmisrepreser things, purported defects andted defects andmisrepreseted defects andmisrepresemisrepresentations relatedr things, purported defects andted defects andmisrepreseted defects andmisrepresemisrepresentations relatedted defects andmisrepresemisrepresentations relatedmisrepresentations relatedntations relatedto our prodthat allege, among otheamong other things, purporamong other things, purporr things, purported defects andamong other things, purporr things, purported defects andr things, purported defects andted defects andmisrepreseamong other things, purporr things, purported defects andr things, purported defects andted defects andmisrepreser things, purported defects andted defects andmisrepreseted defects andmisrepresemisrepresentations relatedamong other things, purporr things, purported defects andr things, purported defects andted defects andmisrepreser things, purported defects andted defects andmisrepreseted defects andmisrepresemisrepresentations relatedr things, purported defects andted defects andmisrepreseted defects andmisrepresemisrepresentations relatedted defects andmisrepresemisrepresentations relatedmisrepresentations relatedntations relatedto our prodamong other things, purporr things, purported defects andr things, purported defects andted defects andmisrepreser things, purported defects andted defects andmisrepreseted defects andmisrepresemisrepresentations relatedr things, purported defects andted defects andmisrepreseted defects andmisrepresemisrepresentations relatedted defects andmisrepresemisrepresentations relatedmisrepresentations relatedntations relatedto our prodr things, purported defects andted defects andmisrepreseted defects andmisrepresemisrepresentations relatedted defects andmisrepresemisrepresentations relatedmisrepresentations relatedntations relatedto our prodted defects andmisrepresemisrepresentations relatedmisrepresentations relatedntations relatedto our prodmisrepresentations relatedntations relatedto our prodntations relatedto our prodto our products and se","that allege, among otheamong other things, purporamong other things, purporr things, purported defects andamong other things, purporr things, purported defects andr things, purported defects andted defects andmisrepreseamong other things, purporr things, purported defects andr things, purported defects andted defects andmisrepreser things, purported defects andted defects andmisrepreseted defects andmisrepresemisrepresentations relatedamong other things, purporr things, purported defects andr things, purported defects andted defects andmisrepreser things, purported defects andted defects andmisrepreseted defects andmisrepresemisrepresentations relatedr things, purported defects andted defects andmisrepreseted defects andmisrepresemisrepresentations relatedted defects andmisrepresemisrepresentations relatedmisrepresentations relatedntations relatedto our prodamong other things, purporr things, purported defects andr things, purported defects andted defects andmisrepreser things, purported defects andted defects andmisrepreseted defects andmisrepresemisrepresentations relatedr things, purported defects andted defects andmisrepreseted defects andmisrepresemisrepresentations relatedted defects andmisrepresemisrepresentations relatedmisrepresentations relatedntations relatedto our prodr things, purported defects andted defects andmisrepreseted defects andmisrepresemisrepresentations relatedted defects andmisrepresemisrepresentations relatedmisrepresentations relatedntations relatedto our prodted defects andmisrepresemisrepresentations relatedmisrepresentations relatedntations relatedto our prodmisrepresentations relatedntations relatedto our prodntations relatedto our prodto our products and seamong other things, purporr things, purported defects andr things, purported defects andted defects andmisrepreser things, purported defects andted defects andmisrepreseted defects andmisrepresemisrepresentations relatedr things, purported defects andted defects andmisrepreseted defects andmisrepresemisrepresentations relatedted defects andmisrepresemisrepresentations relatedmisrepresentations relatedntations relatedto our prodr things, purported defects andted defects andmisrepreseted defects andmisrepresemisrepresentations relatedted defects andmisrepresemisrepresentations relatedmisrepresentations relatedntations relatedto our prodted defects andmisrepresemisrepresentations relatedmisrepresentations relatedntations relatedto our prodmisrepresentations relatedntations relatedto our prodntations relatedto our prodto our products and ser things, purported defects andted defects andmisrepreseted defects andmisrepresemisrepresentations relatedted defects andmisrepresemisrepresentations relatedmisrepresentations relatedntations relatedto our prodted defects andmisrepresemisrepresentations relatedmisrepresentations relatedntations relatedto our prodmisrepresentations relatedntations relatedto our prodntations relatedto our prodto our products and seted defects andmisrepresemisrepresentations relatedmisrepresentations relatedntations relatedto our prodmisrepresentations relatedntations relatedto our prodntations relatedto our prodto our products and semisrepresentations relatedntations relatedto our prodntations relatedto our prodto our products and sentations relatedto our prodto our products and seto our products and seucts and services. For example","among other things, purporr things, purported defects andr things, purported defects andted defects andmisrepreser things, purported defects andted defects andmisrepreseted defects andmisrepresemisrepresentations relatedr things, purported defects andted defects andmisrepreseted defects andmisrepresemisrepresentations relatedted defects andmisrepresemisrepresentations relatedmisrepresentations relatedntations relatedto our prodr things, purported defects andted defects andmisrepreseted defects andmisrepresemisrepresentations relatedted defects andmisrepresemisrepresentations relatedmisrepresentations relatedntations relatedto our prodted defects andmisrepresemisrepresentations relatedmisrepresentations relatedntations relatedto our prodmisrepresentations relatedntations relatedto our prodntations relatedto our prodto our products and ser things, purported defects andted defects andmisrepreseted defects andmisrepresemisrepresentations relatedted defects andmisrepresemisrepresentations relatedmisrepresentations relatedntations relatedto our prodted defects andmisrepresemisrepresentations relatedmisrepresentations relatedntations relatedto our prodmisrepresentations relatedntations relatedto our prodntations relatedto our prodto our products and seted defects andmisrepresemisrepresentations relatedmisrepresentations relatedntations relatedto our prodmisrepresentations relatedntations relatedto our prodntations relatedto our prodto our products and semisrepresentations relatedntations relatedto our prodntations relatedto our prodto our products and sentations relatedto our prodto our products and seto our products and seucts and services. For exampler things, purported defects andted defects andmisrepreseted defects andmisrepresemisrepresentations relatedted defects andmisrepresemisrepresentations relatedmisrepresentations relatedntations relatedto our prodted defects andmisrepresemisrepresentations relatedmisrepresentations relatedntations relatedto our prodmisrepresentations relatedntations relatedto our prodntations relatedto our prodto our products and seted defects andmisrepresemisrepresentations relatedmisrepresentations relatedntations relatedto our prodmisrepresentations relatedntations relatedto our prodntations relatedto our prodto our products and semisrepresentations relatedntations relatedto our prodntations relatedto our prodto our products and sentations relatedto our prodto our products and seto our products and seucts and services. For exampleted defects andmisrepresemisrepresentations relatedmisrepresentations relatedntations relatedto our prodmisrepresentations relatedntations relatedto our prodntations relatedto our prodto our products and semisrepresentations relatedntations relatedto our prodntations relatedto our prodto our products and sentations relatedto our prodto our products and seto our products and seucts and services. For examplemisrepresentations relatedntations relatedto our prodntations relatedto our prodto our products and sentations relatedto our prodto our products and seto our products and seucts and services. For examplentations relatedto our prodto our products and seto our products and seucts and services. For exampleto our products and seucts and services. For exampleucts and services. For examplervices. For example, on Septem",,"for August 12,","District of Cty. Tesla opposerm “Full Surred on Momplaint, which Tesla opposed.",,similar pro,"ended comember 30, 2023, theCourt deni",,San Diego
District Court forthe Easternthe EasternConsolidated against Teslaonetary and other injunctivethe EasternConsolidated against Teslaonetary and other injunctiveConsolidated against Teslaonetary and other injunctived against Teslaonetary and other injunctiveonetary and other injunctiveer injunctiverelief. These lathe EasternConsolidated against Teslaonetary and other injunctiveConsolidated against Teslaonetary and other injunctived against Teslaonetary and other injunctiveonetary and other injunctiveer injunctiverelief. These laConsolidated against Teslaonetary and other injunctived against Teslaonetary and other injunctiveonetary and other injunctiveer injunctiverelief. These lad against Teslaonetary and other injunctiveonetary and other injunctiveer injunctiverelief. These laonetary and other injunctiveer injunctiverelief. These laer injunctiverelief. These larelief. These lawsuits inclthe EasternConsolidated against Teslaonetary and other injunctiveConsolidated against Teslaonetary and other injunctived against Teslaonetary and other injunctiveonetary and other injunctiveer injunctiverelief. These laConsolidated against Teslaonetary and other injunctived against Teslaonetary and other injunctiveonetary and other injunctiveer injunctiverelief. These lad against Teslaonetary and other injunctiveonetary and other injunctiveer injunctiverelief. These laonetary and other injunctiveer injunctiverelief. These laer injunctiverelief. These larelief. These lawsuits inclConsolidated against Teslaonetary and other injunctived against Teslaonetary and other injunctiveonetary and other injunctiveer injunctiverelief. These lad against Teslaonetary and other injunctiveonetary and other injunctiveer injunctiverelief. These laonetary and other injunctiveer injunctiverelief. These laer injunctiverelief. These larelief. These lawsuits incld against Teslaonetary and other injunctiveonetary and other injunctiveer injunctiverelief. These laonetary and other injunctiveer injunctiverelief. These laer injunctiverelief. These larelief. These lawsuits inclonetary and other injunctiveer injunctiverelief. These laer injunctiverelief. These larelief. These lawsuits incler injunctiverelief. These larelief. These lawsuits inclrelief. These lawsuits inclwsuits include proposthe EasternConsolidated against Teslaonetary and other injunctiveConsolidated against Teslaonetary and other injunctived against Teslaonetary and other injunctiveonetary and other injunctiveer injunctiverelief. These laConsolidated against Teslaonetary and other injunctived against Teslaonetary and other injunctiveonetary and other injunctiveer injunctiverelief. These lad against Teslaonetary and other injunctiveonetary and other injunctiveer injunctiverelief. These laonetary and other injunctiveer injunctiverelief. These laer injunctiverelief. These larelief. These lawsuits inclConsolidated against Teslaonetary and other injunctived against Teslaonetary and other injunctiveonetary and other injunctiveer injunctiverelief. These lad against Teslaonetary and other injunctiveonetary and other injunctiveer injunctiverelief. These laonetary and other injunctiveer injunctiverelief. These laer injunctiverelief. These larelief. These lawsuits incld against Teslaonetary and other injunctiveonetary and other injunctiveer injunctiverelief. These laonetary and other injunctiveer injunctiverelief. These laer injunctiverelief. These larelief. These lawsuits inclonetary and other injunctiveer injunctiverelief. These laer injunctiverelief. These larelief. These lawsuits incler injunctiverelief. These larelief. These lawsuits inclrelief. These lawsuits inclwsuits include proposConsolidated against Teslaonetary and other injunctived against Teslaonetary and other injunctiveonetary and other injunctiveer injunctiverelief. These lad against Teslaonetary and other injunctiveonetary and other injunctiveer injunctiverelief. These laonetary and other injunctiveer injunctiverelief. These laer injunctiverelief. These larelief. These lawsuits incld against Teslaonetary and other injunctiveonetary and other injunctiveer injunctiverelief. These laonetary and other injunctiveer injunctiverelief. These laer injunctiverelief. These larelief. These lawsuits inclonetary and other injunctiveer injunctiverelief. These laer injunctiverelief. These larelief. These lawsuits incler injunctiverelief. These larelief. These lawsuits inclrelief. These lawsuits inclwsuits include proposd against Teslaonetary and other injunctiveonetary and other injunctiveer injunctiverelief. These laonetary and other injunctiveer injunctiverelief. These laer injunctiverelief. These larelief. These lawsuits inclonetary and other injunctiveer injunctiverelief. These laer injunctiverelief. These larelief. These lawsuits incler injunctiverelief. These larelief. These lawsuits inclrelief. These lawsuits inclwsuits include proposonetary and other injunctiveer injunctiverelief. These laer injunctiverelief. These larelief. These lawsuits incler injunctiverelief. These larelief. These lawsuits inclrelief. These lawsuits inclwsuits include proposer injunctiverelief. These larelief. These lawsuits inclrelief. These lawsuits inclwsuits include proposrelief. These lawsuits inclwsuits include proposwsuits include proposude proposed class actions and,the EasternConsolidated against Teslaonetary and other injunctiveConsolidated against Teslaonetary and other injunctived against Teslaonetary and other injunctiveonetary and other injunctiveer injunctiverelief. These laConsolidated against Teslaonetary and other injunctived against Teslaonetary and other injunctiveonetary and other injunctiveer injunctiverelief. These lad against Teslaonetary and other injunctiveonetary and other injunctiveer injunctiverelief. These laonetary and other injunctiveer injunctiverelief. These laer injunctiverelief. These larelief. These lawsuits inclConsolidated against Teslaonetary and other injunctived against Teslaonetary and other injunctiveonetary and other injunctiveer injunctiverelief. These lad against Teslaonetary and other injunctiveonetary and other injunctiveer injunctiverelief. These laonetary and other injunctiveer injunctiverelief. These laer injunctiverelief. These larelief. These lawsuits incld against Teslaonetary and other injunctiveonetary and other injunctiveer injunctiverelief. These laonetary and other injunctiveer injunctiverelief. These laer injunctiverelief. These larelief. These lawsuits inclonetary and other injunctiveer injunctiverelief. These laer injunctiverelief. These larelief. These lawsuits incler injunctiverelief. These larelief. These lawsuits inclrelief. These lawsuits inclwsuits include proposConsolidated against Teslaonetary and other injunctived against Teslaonetary and other injunctiveonetary and other injunctiveer injunctiverelief. These lad against Teslaonetary and other injunctiveonetary and other injunctiveer injunctiverelief. These laonetary and other injunctiveer injunctiverelief. These laer injunctiverelief. These larelief. These lawsuits incld against Teslaonetary and other injunctiveonetary and other injunctiveer injunctiverelief. These laonetary and other injunctiveer injunctiverelief. These laer injunctiverelief. These larelief. These lawsuits inclonetary and other injunctiveer injunctiverelief. These laer injunctiverelief. These larelief. These lawsuits incler injunctiverelief. These larelief. These lawsuits inclrelief. These lawsuits inclwsuits include proposd against Teslaonetary and other injunctiveonetary and other injunctiveer injunctiverelief. These laonetary and other injunctiveer injunctiverelief. These laer injunctiverelief. These larelief. These lawsuits inclonetary and other injunctiveer injunctiverelief. These laer injunctiverelief. These larelief. These lawsuits incler injunctiverelief. These larelief. These lawsuits inclrelief. These lawsuits inclwsuits include proposonetary and other injunctiveer injunctiverelief. These laer injunctiverelief. These larelief. These lawsuits incler injunctiverelief. These larelief. These lawsuits inclrelief. These lawsuits inclwsuits include proposer injunctiverelief. These larelief. These lawsuits inclrelief. These lawsuits inclwsuits include proposrelief. These lawsuits inclwsuits include proposwsuits include proposude proposed class actions andConsolidated against Teslaonetary and other injunctived against Teslaonetary and other injunctiveonetary and other injunctiveer injunctiverelief. These lad against Teslaonetary and other injunctiveonetary and other injunctiveer injunctiverelief. These laonetary and other injunctiveer injunctiverelief. These laer injunctiverelief. These larelief. These lawsuits incld against Teslaonetary and other injunctiveonetary and other injunctiveer injunctiverelief. These laonetary and other injunctiveer injunctiverelief. These laer injunctiverelief. These larelief. These lawsuits inclonetary and other injunctiveer injunctiverelief. These laer injunctiverelief. These larelief. These lawsuits incler injunctiverelief. These larelief. These lawsuits inclrelief. These lawsuits inclwsuits include proposd against Teslaonetary and other injunctiveonetary and other injunctiveer injunctiverelief. These laonetary and other injunctiveer injunctiverelief. These laer injunctiverelief. These larelief. These lawsuits inclonetary and other injunctiveer injunctiverelief. These laer injunctiverelief. These larelief. These lawsuits incler injunctiverelief. These larelief. These lawsuits inclrelief. These lawsuits inclwsuits include proposonetary and other injunctiveer injunctiverelief. These laer injunctiverelief. These larelief. These lawsuits incler injunctiverelief. These larelief. These lawsuits inclrelief. These lawsuits inclwsuits include proposer injunctiverelief. These larelief. These lawsuits inclrelief. These lawsuits inclwsuits include proposrelief. These lawsuits inclwsuits include proposwsuits include proposude proposed class actions andd against Teslaonetary and other injunctiveonetary and other injunctiveer injunctiverelief. These laonetary and other injunctiveer injunctiverelief. These laer injunctiverelief. These larelief. These lawsuits inclonetary and other injunctiveer injunctiverelief. These laer injunctiverelief. These larelief. These lawsuits incler injunctiverelief. These larelief. These lawsuits inclrelief. These lawsuits inclwsuits include proposonetary and other injunctiveer injunctiverelief. These laer injunctiverelief. These larelief. These lawsuits incler injunctiverelief. These larelief. These lawsuits inclrelief. These lawsuits inclwsuits include proposer injunctiverelief. These larelief. These lawsuits inclrelief. These lawsuits inclwsuits include proposrelief. These lawsuits inclwsuits include proposwsuits include proposude proposed class actions andonetary and other injunctiveer injunctiverelief. These laer injunctiverelief. These larelief. These lawsuits incler injunctiverelief. These larelief. These lawsuits inclrelief. These lawsuits inclwsuits include proposer injunctiverelief. These larelief. These lawsuits inclrelief. These lawsuits inclwsuits include proposrelief. These lawsuits inclwsuits include proposwsuits include proposude proposed class actions ander injunctiverelief. These larelief. These lawsuits inclrelief. These lawsuits inclwsuits include proposrelief. These lawsuits inclwsuits include proposwsuits include proposude proposed class actions andrelief. These lawsuits inclwsuits include proposwsuits include proposude proposed class actions andwsuits include proposude proposed class actions andude proposed class actions anded class actions andother,,a subsequently,"and denied in pto arbitratiosla vehicles, andplaintiffs iment for Tents. On September30, 2023, th",,nty case to fede,"6, 2025, thes of the fifttices to consumersabout propo",,"ry 8, 2024, the fede",ral court
"consumer claimsthat allege, that allege, among othethat allege, among otheamong other things, purporthat allege, among otheamong other things, purporamong other things, purporr things, purported defects andthat allege, among otheamong other things, purporamong other things, purporr things, purported defects andamong other things, purporr things, purported defects andr things, purported defects andted defects andmisrepresethat allege, among otheamong other things, purporamong other things, purporr things, purported defects andamong other things, purporr things, purported defects andr things, purported defects andted defects andmisrepreseamong other things, purporr things, purported defects andr things, purported defects andted defects andmisrepreser things, purported defects andted defects andmisrepreseted defects andmisrepresemisrepresentations relatedthat allege, among otheamong other things, purporamong other things, purporr things, purported defects andamong other things, purporr things, purported defects andr things, purported defects andted defects andmisrepreseamong other things, purporr things, purported defects andr things, purported defects andted defects andmisrepreser things, purported defects andted defects andmisrepreseted defects andmisrepresemisrepresentations relatedamong other things, purporr things, purported defects andr things, purported defects andted defects andmisrepreser things, purported defects andted defects andmisrepreseted defects andmisrepresemisrepresentations relatedr things, purported defects andted defects andmisrepreseted defects andmisrepresemisrepresentations relatedted defects andmisrepresemisrepresentations relatedmisrepresentations relatedntations relatedto our prodthat allege, among otheamong other things, purporamong other things, purporr things, purported defects andamong other things, purporr things, purported defects andr things, purported defects andted defects andmisrepreseamong other things, purporr things, purported defects andr things, purported defects andted defects andmisrepreser things, purported defects andted defects andmisrepreseted defects andmisrepresemisrepresentations relatedamong other things, purporr things, purported defects andr things, purported defects andted defects andmisrepreser things, purported defects andted defects andmisrepreseted defects andmisrepresemisrepresentations relatedr things, purported defects andted defects andmisrepreseted defects andmisrepresemisrepresentations relatedted defects andmisrepresemisrepresentations relatedmisrepresentations relatedntations relatedto our prodamong other things, purporr things, purported defects andr things, purported defects andted defects andmisrepreser things, purported defects andted defects andmisrepreseted defects andmisrepresemisrepresentations relatedr things, purported defects andted defects andmisrepreseted defects andmisrepresemisrepresentations relatedted defects andmisrepresemisrepresentations relatedmisrepresentations relatedntations relatedto our prodr things, purported defects andted defects andmisrepreseted defects andmisrepresemisrepresentations relatedted defects andmisrepresemisrepresentations relatedmisrepresentations relatedntations relatedto our prodted defects andmisrepresemisrepresentations relatedmisrepresentations relatedntations relatedto our prodmisrepresentations relatedntations relatedto our prodntations relatedto our prodto our products and sethat allege, among otheamong other things, purporamong other things, purporr things, purported defects andamong other things, purporr things, purported defects andr things, purported defects andted defects andmisrepreseamong other things, purporr things, purported defects andr things, purported defects andted defects andmisrepreser things, purported defects andted defects andmisrepreseted defects andmisrepresemisrepresentations relatedamong other things, purporr things, purported defects andr things, purported defects andted defects andmisrepreser things, purported defects andted defects andmisrepreseted defects andmisrepresemisrepresentations relatedr things, purported defects andted defects andmisrepreseted defects andmisrepresemisrepresentations relatedted defects andmisrepresemisrepresentations relatedmisrepresentations relatedntations relatedto our prodamong other things, purporr things, purported defects andr things, purported defects andted defects andmisrepreser things, purported defects andted defects andmisrepreseted defects andmisrepresemisrepresentations relatedr things, purported defects andted defects andmisrepreseted defects andmisrepresemisrepresentations relatedted defects andmisrepresemisrepresentations relatedmisrepresentations relatedntations relatedto our prodr things, purported defects andted defects andmisrepreseted defects andmisrepresemisrepresentations relatedted defects andmisrepresemisrepresentations relatedmisrepresentations relatedntations relatedto our prodted defects andmisrepresemisrepresentations relatedmisrepresentations relatedntations relatedto our prodmisrepresentations relatedntations relatedto our prodntations relatedto our prodto our products and seamong other things, purporr things, purported defects andr things, purported defects andted defects andmisrepreser things, purported defects andted defects andmisrepreseted defects andmisrepresemisrepresentations relatedr things, purported defects andted defects andmisrepreseted defects andmisrepresemisrepresentations relatedted defects andmisrepresemisrepresentations relatedmisrepresentations relatedntations relatedto our prodr things, purported defects andted defects andmisrepreseted defects andmisrepresemisrepresentations relatedted defects andmisrepresemisrepresentations relatedmisrepresentations relatedntations relatedto our prodted defects andmisrepresemisrepresentations relatedmisrepresentations relatedntations relatedto our prodmisrepresentations relatedntations relatedto our prodntations relatedto our prodto our products and ser things, purported defects andted defects andmisrepreseted defects andmisrepresemisrepresentations relatedted defects andmisrepresemisrepresentations relatedmisrepresentations relatedntations relatedto our prodted defects andmisrepresemisrepresentations relatedmisrepresentations relatedntations relatedto our prodmisrepresentations relatedntations relatedto our prodntations relatedto our prodto our products and seted defects andmisrepresemisrepresentations relatedmisrepresentations relatedntations relatedto our prodmisrepresentations relatedntations relatedto our prodntations relatedto our prodto our products and semisrepresentations relatedntations relatedto our prodntations relatedto our prodto our products and sentations relatedto our prodto our products and seto our products and seucts and services. For example","that allege, among otheamong other things, purporamong other things, purporr things, purported defects andamong other things, purporr things, purported defects andr things, purported defects andted defects andmisrepreseamong other things, purporr things, purported defects andr things, purported defects andted defects andmisrepreser things, purported defects andted defects andmisrepreseted defects andmisrepresemisrepresentations relatedamong other things, purporr things, purported defects andr things, purported defects andted defects andmisrepreser things, purported defects andted defects andmisrepreseted defects andmisrepresemisrepresentations relatedr things, purported defects andted defects andmisrepreseted defects andmisrepresemisrepresentations relatedted defects andmisrepresemisrepresentations relatedmisrepresentations relatedntations relatedto our prodamong other things, purporr things, purported defects andr things, purported defects andted defects andmisrepreser things, purported defects andted defects andmisrepreseted defects andmisrepresemisrepresentations relatedr things, purported defects andted defects andmisrepreseted defects andmisrepresemisrepresentations relatedted defects andmisrepresemisrepresentations relatedmisrepresentations relatedntations relatedto our prodr things, purported defects andted defects andmisrepreseted defects andmisrepresemisrepresentations relatedted defects andmisrepresemisrepresentations relatedmisrepresentations relatedntations relatedto our prodted defects andmisrepresemisrepresentations relatedmisrepresentations relatedntations relatedto our prodmisrepresentations relatedntations relatedto our prodntations relatedto our prodto our products and seamong other things, purporr things, purported defects andr things, purported defects andted defects andmisrepreser things, purported defects andted defects andmisrepreseted defects andmisrepresemisrepresentations relatedr things, purported defects andted defects andmisrepreseted defects andmisrepresemisrepresentations relatedted defects andmisrepresemisrepresentations relatedmisrepresentations relatedntations relatedto our prodr things, purported defects andted defects andmisrepreseted defects andmisrepresemisrepresentations relatedted defects andmisrepresemisrepresentations relatedmisrepresentations relatedntations relatedto our prodted defects andmisrepresemisrepresentations relatedmisrepresentations relatedntations relatedto our prodmisrepresentations relatedntations relatedto our prodntations relatedto our prodto our products and ser things, purported defects andted defects andmisrepreseted defects andmisrepresemisrepresentations relatedted defects andmisrepresemisrepresentations relatedmisrepresentations relatedntations relatedto our prodted defects andmisrepresemisrepresentations relatedmisrepresentations relatedntations relatedto our prodmisrepresentations relatedntations relatedto our prodntations relatedto our prodto our products and seted defects andmisrepresemisrepresentations relatedmisrepresentations relatedntations relatedto our prodmisrepresentations relatedntations relatedto our prodntations relatedto our prodto our products and semisrepresentations relatedntations relatedto our prodntations relatedto our prodto our products and sentations relatedto our prodto our products and seto our products and seucts and services. For exampleamong other things, purporr things, purported defects andr things, purported defects andted defects andmisrepreser things, purported defects andted defects andmisrepreseted defects andmisrepresemisrepresentations relatedr things, purported defects andted defects andmisrepreseted defects andmisrepresemisrepresentations relatedted defects andmisrepresemisrepresentations relatedmisrepresentations relatedntations relatedto our prodr things, purported defects andted defects andmisrepreseted defects andmisrepresemisrepresentations relatedted defects andmisrepresemisrepresentations relatedmisrepresentations relatedntations relatedto our prodted defects andmisrepresemisrepresentations relatedmisrepresentations relatedntations relatedto our prodmisrepresentations relatedntations relatedto our prodntations relatedto our prodto our products and ser things, purported defects andted defects andmisrepreseted defects andmisrepresemisrepresentations relatedted defects andmisrepresemisrepresentations relatedmisrepresentations relatedntations relatedto our prodted defects andmisrepresemisrepresentations relatedmisrepresentations relatedntations relatedto our prodmisrepresentations relatedntations relatedto our prodntations relatedto our prodto our products and seted defects andmisrepresemisrepresentations relatedmisrepresentations relatedntations relatedto our prodmisrepresentations relatedntations relatedto our prodntations relatedto our prodto our products and semisrepresentations relatedntations relatedto our prodntations relatedto our prodto our products and sentations relatedto our prodto our products and seto our products and seucts and services. For exampler things, purported defects andted defects andmisrepreseted defects andmisrepresemisrepresentations relatedted defects andmisrepresemisrepresentations relatedmisrepresentations relatedntations relatedto our prodted defects andmisrepresemisrepresentations relatedmisrepresentations relatedntations relatedto our prodmisrepresentations relatedntations relatedto our prodntations relatedto our prodto our products and seted defects andmisrepresemisrepresentations relatedmisrepresentations relatedntations relatedto our prodmisrepresentations relatedntations relatedto our prodntations relatedto our prodto our products and semisrepresentations relatedntations relatedto our prodntations relatedto our prodto our products and sentations relatedto our prodto our products and seto our products and seucts and services. For exampleted defects andmisrepresemisrepresentations relatedmisrepresentations relatedntations relatedto our prodmisrepresentations relatedntations relatedto our prodntations relatedto our prodto our products and semisrepresentations relatedntations relatedto our prodntations relatedto our prodto our products and sentations relatedto our prodto our products and seto our products and seucts and services. For examplemisrepresentations relatedntations relatedto our prodntations relatedto our prodto our products and sentations relatedto our prodto our products and seto our products and seucts and services. For examplentations relatedto our prodto our products and seto our products and seucts and services. For exampleto our products and seucts and services. For exampleucts and services. For examplervices. For example, on Septem",,e to the U.S. D,"for August 12, District of Cty. Tesla opposerm “Full Surred on Momplaint, which Tesla opposed.",,n District of Ca,"similar proended comember 30, 2023, theCourt deni",,o compel arbitration,", which the"
District Court forthe Easternthe EasternConsolidated against Teslaonetary and other injunctivethe EasternConsolidated against Teslaonetary and other injunctiveConsolidated against Teslaonetary and other injunctived against Teslaonetary and other injunctiveonetary and other injunctiveer injunctiverelief. These lathe EasternConsolidated against Teslaonetary and other injunctiveConsolidated against Teslaonetary and other injunctived against Teslaonetary and other injunctiveonetary and other injunctiveer injunctiverelief. These laConsolidated against Teslaonetary and other injunctived against Teslaonetary and other injunctiveonetary and other injunctiveer injunctiverelief. These lad against Teslaonetary and other injunctiveonetary and other injunctiveer injunctiverelief. These laonetary and other injunctiveer injunctiverelief. These laer injunctiverelief. These larelief. These lawsuits inclthe EasternConsolidated against Teslaonetary and other injunctiveConsolidated against Teslaonetary and other injunctived against Teslaonetary and other injunctiveonetary and other injunctiveer injunctiverelief. These laConsolidated against Teslaonetary and other injunctived against Teslaonetary and other injunctiveonetary and other injunctiveer injunctiverelief. These lad against Teslaonetary and other injunctiveonetary and other injunctiveer injunctiverelief. These laonetary and other injunctiveer injunctiverelief. These laer injunctiverelief. These larelief. These lawsuits inclConsolidated against Teslaonetary and other injunctived against Teslaonetary and other injunctiveonetary and other injunctiveer injunctiverelief. These lad against Teslaonetary and other injunctiveonetary and other injunctiveer injunctiverelief. These laonetary and other injunctiveer injunctiverelief. These laer injunctiverelief. These larelief. These lawsuits incld against Teslaonetary and other injunctiveonetary and other injunctiveer injunctiverelief. These laonetary and other injunctiveer injunctiverelief. These laer injunctiverelief. These larelief. These lawsuits inclonetary and other injunctiveer injunctiverelief. These laer injunctiverelief. These larelief. These lawsuits incler injunctiverelief. These larelief. These lawsuits inclrelief. These lawsuits inclwsuits include proposthe EasternConsolidated against Teslaonetary and other injunctiveConsolidated against Teslaonetary and other injunctived against Teslaonetary and other injunctiveonetary and other injunctiveer injunctiverelief. These laConsolidated against Teslaonetary and other injunctived against Teslaonetary and other injunctiveonetary and other injunctiveer injunctiverelief. These lad against Teslaonetary and other injunctiveonetary and other injunctiveer injunctiverelief. These laonetary and other injunctiveer injunctiverelief. These laer injunctiverelief. These larelief. These lawsuits inclConsolidated against Teslaonetary and other injunctived against Teslaonetary and other injunctiveonetary and other injunctiveer injunctiverelief. These lad against Teslaonetary and other injunctiveonetary and other injunctiveer injunctiverelief. These laonetary and other injunctiveer injunctiverelief. These laer injunctiverelief. These larelief. These lawsuits incld against Teslaonetary and other injunctiveonetary and other injunctiveer injunctiverelief. These laonetary and other injunctiveer injunctiverelief. These laer injunctiverelief. These larelief. These lawsuits inclonetary and other injunctiveer injunctiverelief. These laer injunctiverelief. These larelief. These lawsuits incler injunctiverelief. These larelief. These lawsuits inclrelief. These lawsuits inclwsuits include proposConsolidated against Teslaonetary and other injunctived against Teslaonetary and other injunctiveonetary and other injunctiveer injunctiverelief. These lad against Teslaonetary and other injunctiveonetary and other injunctiveer injunctiverelief. These laonetary and other injunctiveer injunctiverelief. These laer injunctiverelief. These larelief. These lawsuits incld against Teslaonetary and other injunctiveonetary and other injunctiveer injunctiverelief. These laonetary and other injunctiveer injunctiverelief. These laer injunctiverelief. These larelief. These lawsuits inclonetary and other injunctiveer injunctiverelief. These laer injunctiverelief. These larelief. These lawsuits incler injunctiverelief. These larelief. These lawsuits inclrelief. These lawsuits inclwsuits include proposd against Teslaonetary and other injunctiveonetary and other injunctiveer injunctiverelief. These laonetary and other injunctiveer injunctiverelief. These laer injunctiverelief. These larelief. These lawsuits inclonetary and other injunctiveer injunctiverelief. These laer injunctiverelief. These larelief. These lawsuits incler injunctiverelief. These larelief. These lawsuits inclrelief. These lawsuits inclwsuits include proposonetary and other injunctiveer injunctiverelief. These laer injunctiverelief. These larelief. These lawsuits incler injunctiverelief. These larelief. These lawsuits inclrelief. These lawsuits inclwsuits include proposer injunctiverelief. These larelief. These lawsuits inclrelief. These lawsuits inclwsuits include proposrelief. These lawsuits inclwsuits include proposwsuits include proposude proposed class actions andthe EasternConsolidated against Teslaonetary and other injunctiveConsolidated against Teslaonetary and other injunctived against Teslaonetary and other injunctiveonetary and other injunctiveer injunctiverelief. These laConsolidated against Teslaonetary and other injunctived against Teslaonetary and other injunctiveonetary and other injunctiveer injunctiverelief. These lad against Teslaonetary and other injunctiveonetary and other injunctiveer injunctiverelief. These laonetary and other injunctiveer injunctiverelief. These laer injunctiverelief. These larelief. These lawsuits inclConsolidated against Teslaonetary and other injunctived against Teslaonetary and other injunctiveonetary and other injunctiveer injunctiverelief. These lad against Teslaonetary and other injunctiveonetary and other injunctiveer injunctiverelief. These laonetary and other injunctiveer injunctiverelief. These laer injunctiverelief. These larelief. These lawsuits incld against Teslaonetary and other injunctiveonetary and other injunctiveer injunctiverelief. These laonetary and other injunctiveer injunctiverelief. These laer injunctiverelief. These larelief. These lawsuits inclonetary and other injunctiveer injunctiverelief. These laer injunctiverelief. These larelief. These lawsuits incler injunctiverelief. These larelief. These lawsuits inclrelief. These lawsuits inclwsuits include proposConsolidated against Teslaonetary and other injunctived against Teslaonetary and other injunctiveonetary and other injunctiveer injunctiverelief. These lad against Teslaonetary and other injunctiveonetary and other injunctiveer injunctiverelief. These laonetary and other injunctiveer injunctiverelief. These laer injunctiverelief. These larelief. These lawsuits incld against Teslaonetary and other injunctiveonetary and other injunctiveer injunctiverelief. These laonetary and other injunctiveer injunctiverelief. These laer injunctiverelief. These larelief. These lawsuits inclonetary and other injunctiveer injunctiverelief. These laer injunctiverelief. These larelief. These lawsuits incler injunctiverelief. These larelief. These lawsuits inclrelief. These lawsuits inclwsuits include proposd against Teslaonetary and other injunctiveonetary and other injunctiveer injunctiverelief. These laonetary and other injunctiveer injunctiverelief. These laer injunctiverelief. These larelief. These lawsuits inclonetary and other injunctiveer injunctiverelief. These laer injunctiverelief. These larelief. These lawsuits incler injunctiverelief. These larelief. These lawsuits inclrelief. These lawsuits inclwsuits include proposonetary and other injunctiveer injunctiverelief. These laer injunctiverelief. These larelief. These lawsuits incler injunctiverelief. These larelief. These lawsuits inclrelief. These lawsuits inclwsuits include proposer injunctiverelief. These larelief. These lawsuits inclrelief. These lawsuits inclwsuits include proposrelief. These lawsuits inclwsuits include proposwsuits include proposude proposed class actions andConsolidated against Teslaonetary and other injunctived against Teslaonetary and other injunctiveonetary and other injunctiveer injunctiverelief. These lad against Teslaonetary and other injunctiveonetary and other injunctiveer injunctiverelief. These laonetary and other injunctiveer injunctiverelief. These laer injunctiverelief. These larelief. These lawsuits incld against Teslaonetary and other injunctiveonetary and other injunctiveer injunctiverelief. These laonetary and other injunctiveer injunctiverelief. These laer injunctiverelief. These larelief. These lawsuits inclonetary and other injunctiveer injunctiverelief. These laer injunctiverelief. These larelief. These lawsuits incler injunctiverelief. These larelief. These lawsuits inclrelief. These lawsuits inclwsuits include proposd against Teslaonetary and other injunctiveonetary and other injunctiveer injunctiverelief. These laonetary and other injunctiveer injunctiverelief. These laer injunctiverelief. These larelief. These lawsuits inclonetary and other injunctiveer injunctiverelief. These laer injunctiverelief. These larelief. These lawsuits incler injunctiverelief. These larelief. These lawsuits inclrelief. These lawsuits inclwsuits include proposonetary and other injunctiveer injunctiverelief. These laer injunctiverelief. These larelief. These lawsuits incler injunctiverelief. These larelief. These lawsuits inclrelief. These lawsuits inclwsuits include proposer injunctiverelief. These larelief. These lawsuits inclrelief. These lawsuits inclwsuits include proposrelief. These lawsuits inclwsuits include proposwsuits include proposude proposed class actions andd against Teslaonetary and other injunctiveonetary and other injunctiveer injunctiverelief. These laonetary and other injunctiveer injunctiverelief. These laer injunctiverelief. These larelief. These lawsuits inclonetary and other injunctiveer injunctiverelief. These laer injunctiverelief. These larelief. These lawsuits incler injunctiverelief. These larelief. These lawsuits inclrelief. These lawsuits inclwsuits include proposonetary and other injunctiveer injunctiverelief. These laer injunctiverelief. These larelief. These lawsuits incler injunctiverelief. These larelief. These lawsuits inclrelief. These lawsuits inclwsuits include proposer injunctiverelief. These larelief. These lawsuits inclrelief. These lawsuits inclwsuits include proposrelief. These lawsuits inclwsuits include proposwsuits include proposude proposed class actions andonetary and other injunctiveer injunctiverelief. These laer injunctiverelief. These larelief. These lawsuits incler injunctiverelief. These larelief. These lawsuits inclrelief. These lawsuits inclwsuits include proposer injunctiverelief. These larelief. These lawsuits inclrelief. These lawsuits inclwsuits include proposrelief. These lawsuits inclwsuits include proposwsuits include proposude proposed class actions ander injunctiverelief. These larelief. These lawsuits inclrelief. These lawsuits inclwsuits include proposrelief. These lawsuits inclwsuits include proposwsuits include proposude proposed class actions andrelief. These lawsuits inclwsuits include proposwsuits include proposude proposed class actions andwsuits include proposude proposed class actions andude proposed class actions anded class actions andother,,"n June 27, 2","a subsequentlyand denied in pto arbitratiosla vehicles, andplaintiffs iment for Tents. On September30, 2023, th",,pending arb,"nty case to fede6, 2025, thes of the fifttices to consumersabout propo",,,"ry 8, 2024, the federal court",
"consumer claimsthat allege, that allege, among othethat allege, among otheamong other things, purporthat allege, among otheamong other things, purporamong other things, purporr things, purported defects andthat allege, among otheamong other things, purporamong other things, purporr things, purported defects andamong other things, purporr things, purported defects andr things, purported defects andted defects andmisrepresethat allege, among otheamong other things, purporamong other things, purporr things, purported defects andamong other things, purporr things, purported defects andr things, purported defects andted defects andmisrepreseamong other things, purporr things, purported defects andr things, purported defects andted defects andmisrepreser things, purported defects andted defects andmisrepreseted defects andmisrepresemisrepresentations relatedthat allege, among otheamong other things, purporamong other things, purporr things, purported defects andamong other things, purporr things, purported defects andr things, purported defects andted defects andmisrepreseamong other things, purporr things, purported defects andr things, purported defects andted defects andmisrepreser things, purported defects andted defects andmisrepreseted defects andmisrepresemisrepresentations relatedamong other things, purporr things, purported defects andr things, purported defects andted defects andmisrepreser things, purported defects andted defects andmisrepreseted defects andmisrepresemisrepresentations relatedr things, purported defects andted defects andmisrepreseted defects andmisrepresemisrepresentations relatedted defects andmisrepresemisrepresentations relatedmisrepresentations relatedntations relatedto our prodthat allege, among otheamong other things, purporamong other things, purporr things, purported defects andamong other things, purporr things, purported defects andr things, purported defects andted defects andmisrepreseamong other things, purporr things, purported defects andr things, purported defects andted defects andmisrepreser things, purported defects andted defects andmisrepreseted defects andmisrepresemisrepresentations relatedamong other things, purporr things, purported defects andr things, purported defects andted defects andmisrepreser things, purported defects andted defects andmisrepreseted defects andmisrepresemisrepresentations relatedr things, purported defects andted defects andmisrepreseted defects andmisrepresemisrepresentations relatedted defects andmisrepresemisrepresentations relatedmisrepresentations relatedntations relatedto our prodamong other things, purporr things, purported defects andr things, purported defects andted defects andmisrepreser things, purported defects andted defects andmisrepreseted defects andmisrepresemisrepresentations relatedr things, purported defects andted defects andmisrepreseted defects andmisrepresemisrepresentations relatedted defects andmisrepresemisrepresentations relatedmisrepresentations relatedntations relatedto our prodr things, purported defects andted defects andmisrepreseted defects andmisrepresemisrepresentations relatedted defects andmisrepresemisrepresentations relatedmisrepresentations relatedntations relatedto our prodted defects andmisrepresemisrepresentations relatedmisrepresentations relatedntations relatedto our prodmisrepresentations relatedntations relatedto our prodntations relatedto our prodto our products and sethat allege, among otheamong other things, purporamong other things, purporr things, purported defects andamong other things, purporr things, purported defects andr things, purported defects andted defects andmisrepreseamong other things, purporr things, purported defects andr things, purported defects andted defects andmisrepreser things, purported defects andted defects andmisrepreseted defects andmisrepresemisrepresentations relatedamong other things, purporr things, purported defects andr things, purported defects andted defects andmisrepreser things, purported defects andted defects andmisrepreseted defects andmisrepresemisrepresentations relatedr things, purported defects andted defects andmisrepreseted defects andmisrepresemisrepresentations relatedted defects andmisrepresemisrepresentations relatedmisrepresentations relatedntations relatedto our prodamong other things, purporr things, purported defects andr things, purported defects andted defects andmisrepreser things, purported defects andted defects andmisrepreseted defects andmisrepresemisrepresentations relatedr things, purported defects andted defects andmisrepreseted defects andmisrepresemisrepresentations relatedted defects andmisrepresemisrepresentations relatedmisrepresentations relatedntations relatedto our prodr things, purported defects andted defects andmisrepreseted defects andmisrepresemisrepresentations relatedted defects andmisrepresemisrepresentations relatedmisrepresentations relatedntations relatedto our prodted defects andmisrepresemisrepresentations relatedmisrepresentations relatedntations relatedto our prodmisrepresentations relatedntations relatedto our prodntations relatedto our prodto our products and seamong other things, purporr things, purported defects andr things, purported defects andted defects andmisrepreser things, purported defects andted defects andmisrepreseted defects andmisrepresemisrepresentations relatedr things, purported defects andted defects andmisrepreseted defects andmisrepresemisrepresentations relatedted defects andmisrepresemisrepresentations relatedmisrepresentations relatedntations relatedto our prodr things, purported defects andted defects andmisrepreseted defects andmisrepresemisrepresentations relatedted defects andmisrepresemisrepresentations relatedmisrepresentations relatedntations relatedto our prodted defects andmisrepresemisrepresentations relatedmisrepresentations relatedntations relatedto our prodmisrepresentations relatedntations relatedto our prodntations relatedto our prodto our products and ser things, purported defects andted defects andmisrepreseted defects andmisrepresemisrepresentations relatedted defects andmisrepresemisrepresentations relatedmisrepresentations relatedntations relatedto our prodted defects andmisrepresemisrepresentations relatedmisrepresentations relatedntations relatedto our prodmisrepresentations relatedntations relatedto our prodntations relatedto our prodto our products and seted defects andmisrepresemisrepresentations relatedmisrepresentations relatedntations relatedto our prodmisrepresentations relatedntations relatedto our prodntations relatedto our prodto our products and semisrepresentations relatedntations relatedto our prodntations relatedto our prodto our products and sentations relatedto our prodto our products and seto our products and seucts and services. For examplethat allege, among otheamong other things, purporamong other things, purporr things, purported defects andamong other things, purporr things, purported defects andr things, purported defects andted defects andmisrepreseamong other things, purporr things, purported defects andr things, purported defects andted defects andmisrepreser things, purported defects andted defects andmisrepreseted defects andmisrepresemisrepresentations relatedamong other things, purporr things, purported defects andr things, purported defects andted defects andmisrepreser things, purported defects andted defects andmisrepreseted defects andmisrepresemisrepresentations relatedr things, purported defects andted defects andmisrepreseted defects andmisrepresemisrepresentations relatedted defects andmisrepresemisrepresentations relatedmisrepresentations relatedntations relatedto our prodamong other things, purporr things, purported defects andr things, purported defects andted defects andmisrepreser things, purported defects andted defects andmisrepreseted defects andmisrepresemisrepresentations relatedr things, purported defects andted defects andmisrepreseted defects andmisrepresemisrepresentations relatedted defects andmisrepresemisrepresentations relatedmisrepresentations relatedntations relatedto our prodr things, purported defects andted defects andmisrepreseted defects andmisrepresemisrepresentations relatedted defects andmisrepresemisrepresentations relatedmisrepresentations relatedntations relatedto our prodted defects andmisrepresemisrepresentations relatedmisrepresentations relatedntations relatedto our prodmisrepresentations relatedntations relatedto our prodntations relatedto our prodto our products and seamong other things, purporr things, purported defects andr things, purported defects andted defects andmisrepreser things, purported defects andted defects andmisrepreseted defects andmisrepresemisrepresentations relatedr things, purported defects andted defects andmisrepreseted defects andmisrepresemisrepresentations relatedted defects andmisrepresemisrepresentations relatedmisrepresentations relatedntations relatedto our prodr things, purported defects andted defects andmisrepreseted defects andmisrepresemisrepresentations relatedted defects andmisrepresemisrepresentations relatedmisrepresentations relatedntations relatedto our prodted defects andmisrepresemisrepresentations relatedmisrepresentations relatedntations relatedto our prodmisrepresentations relatedntations relatedto our prodntations relatedto our prodto our products and ser things, purported defects andted defects andmisrepreseted defects andmisrepresemisrepresentations relatedted defects andmisrepresemisrepresentations relatedmisrepresentations relatedntations relatedto our prodted defects andmisrepresemisrepresentations relatedmisrepresentations relatedntations relatedto our prodmisrepresentations relatedntations relatedto our prodntations relatedto our prodto our products and seted defects andmisrepresemisrepresentations relatedmisrepresentations relatedntations relatedto our prodmisrepresentations relatedntations relatedto our prodntations relatedto our prodto our products and semisrepresentations relatedntations relatedto our prodntations relatedto our prodto our products and sentations relatedto our prodto our products and seto our products and seucts and services. For exampleamong other things, purporr things, purported defects andr things, purported defects andted defects andmisrepreser things, purported defects andted defects andmisrepreseted defects andmisrepresemisrepresentations relatedr things, purported defects andted defects andmisrepreseted defects andmisrepresemisrepresentations relatedted defects andmisrepresemisrepresentations relatedmisrepresentations relatedntations relatedto our prodr things, purported defects andted defects andmisrepreseted defects andmisrepresemisrepresentations relatedted defects andmisrepresemisrepresentations relatedmisrepresentations relatedntations relatedto our prodted defects andmisrepresemisrepresentations relatedmisrepresentations relatedntations relatedto our prodmisrepresentations relatedntations relatedto our prodntations relatedto our prodto our products and ser things, purported defects andted defects andmisrepreseted defects andmisrepresemisrepresentations relatedted defects andmisrepresemisrepresentations relatedmisrepresentations relatedntations relatedto our prodted defects andmisrepresemisrepresentations relatedmisrepresentations relatedntations relatedto our prodmisrepresentations relatedntations relatedto our prodntations relatedto our prodto our products and seted defects andmisrepresemisrepresentations relatedmisrepresentations relatedntations relatedto our prodmisrepresentations relatedntations relatedto our prodntations relatedto our prodto our products and semisrepresentations relatedntations relatedto our prodntations relatedto our prodto our products and sentations relatedto our prodto our products and seto our products and seucts and services. For exampler things, purported defects andted defects andmisrepreseted defects andmisrepresemisrepresentations relatedted defects andmisrepresemisrepresentations relatedmisrepresentations relatedntations relatedto our prodted defects andmisrepresemisrepresentations relatedmisrepresentations relatedntations relatedto our prodmisrepresentations relatedntations relatedto our prodntations relatedto our prodto our products and seted defects andmisrepresemisrepresentations relatedmisrepresentations relatedntations relatedto our prodmisrepresentations relatedntations relatedto our prodntations relatedto our prodto our products and semisrepresentations relatedntations relatedto our prodntations relatedto our prodto our products and sentations relatedto our prodto our products and seto our products and seucts and services. For exampleted defects andmisrepresemisrepresentations relatedmisrepresentations relatedntations relatedto our prodmisrepresentations relatedntations relatedto our prodntations relatedto our prodto our products and semisrepresentations relatedntations relatedto our prodntations relatedto our prodto our products and sentations relatedto our prodto our products and seto our products and seucts and services. For examplemisrepresentations relatedntations relatedto our prodntations relatedto our prodto our products and sentations relatedto our prodto our products and seto our products and seucts and services. For examplentations relatedto our prodto our products and seto our products and seucts and services. For exampleto our products and seucts and services. For exampleucts and services. For examplervices. For example, on Septem",,proposed c,"e to the U.S. Dfor August 12, District of Cty. Tesla opposerm “Full Surred on Momplaint, which Tesla opposed.",,. District Co,"n District of Casimilar proended comember 30, 2023, theCourt deni",,t of Califor,"o compel arbitration, which the",
and certain curre,nt and form,"n June 27, 2a subsequentlyand denied in pto arbitratiosla vehicles, andplaintiffs iment for Tents. On September30, 2023, th",,e complaint alle,"pending arbnty case to fede6, 2025, thes of the fifttices to consumersabout propo",,e material,misreprese,ntations and omissio,ns about th
Company’s Autop,ilot and FSD,Capability,technologies an,d seeks money,damages an,d other relief on,behalf of p,ersons who,purchased Tesla st,ock betwee
"February 19, 201","9, and Febru","proposed ce to the U.S. Dfor August 12, District of Cty. Tesla opposerm “Full Surred on Momplaint, which Tesla opposed.",,complaint was,". District Con District of Casimilar proended comember 30, 2023, theCourt deni",,naming onl,"t of Califoro compel arbitration, which the",,defendants.
and certain current and form,"nt and formn June 27, 2a subsequentlyand denied in pto arbitratiosla vehicles, andplaintiffs iment for Tents. On September30, 2023, th",,s the amended,"e complaint allepending arbnty case to fede6, 2025, thes of the fifttices to consumersabout propo",,"0, 2024, the Co",e materialmisreprese,misrepresentations and omissio,ntations and omissions about th,
Company’s Autopilot and FSD,ilot and FSDCapability,Capabilitytechnologies an,technologies and seeks money,d seeks moneydamages an,damages and other relief on,d other relief onbehalf of p,behalf of persons who,ersons whopurchased Tesla st,purchased Tesla stock betwee,
"February 19, 2019, and Febru","9, and Februproposed ce to the U.S. Dfor August 12, District of Cty. Tesla opposerm “Full Surred on Momplaint, which Tesla opposed.",,cuit. The appeal,"complaint was. District Con District of Casimilar proended comember 30, 2023, theCourt deni",,the parties are,"naming onlt of Califoro compel arbitration, which the",,l argument.,
"and certain current and formnt and formn June 27, 2a subsequentlyand denied in pto arbitratiosla vehicles, andplaintiffs iment for Tents. On September30, 2023, th",,roposed clas,"s the amendede complaint allepending arbnty case to fede6, 2025, thes of the fifttices to consumersabout propo",,"a, Inc. in the","0, 2024, the Coe materialmisreprese",e materialmisrepresemisrepresentations and omissio,misrepresentations and omissiontations and omissions about th,,Several sim
Company’s Autopilot and FSDilot and FSDCapability,ilot and FSDCapabilityCapabilitytechnologies an,Capabilitytechnologies antechnologies and seeks money,technologies and seeks moneyd seeks moneydamages an,d seeks moneydamages andamages and other relief on,damages and other relief ond other relief onbehalf of p,d other relief onbehalf of pbehalf of persons who,behalf of persons whoersons whopurchased Tesla st,ersons whopurchased Tesla stpurchased Tesla stock betwee,,al antitrust
"February 19, 2019, and Febru9, and Februproposed ce to the U.S. Dfor August 12, District of Cty. Tesla opposerm “Full Surred on Momplaint, which Tesla opposed.",,"air, service,","cuit. The appealcomplaint was. District Con District of Casimilar proended comember 30, 2023, theCourt deni",,"d seeks, amo","the parties arenaming onlt of Califoro compel arbitration, which the",,or persons,who paid Tesla for r,epairs servic
or Tesla compatib,le replacem,ent parts fr,om March 2019,to March 2023,". On July 17,","2023, these pla",intiffs filed,a consolida,ted amended compl,aint. On
"September 27, 20","23, the cour","roposed class the amendede complaint allepending arbnty case to fede6, 2025, thes of the fifttices to consumersabout propo",,compel arbitra,"a, Inc. in the0, 2024, the Coe materialmisreprese","0, 2024, the Coe materialmisrepresee materialmisrepresemisrepresentations and omissio",e materialmisrepresemisrepresentations and omissiomisrepresentations and omissiontations and omissions about th,,"17, 2023, the court",granted Tes
Company’s Autopilot and FSDilot and FSDCapabilityilot and FSDCapabilityCapabilitytechnologies an,ilot and FSDCapabilityCapabilitytechnologies anCapabilitytechnologies antechnologies and seeks money,Capabilitytechnologies antechnologies and seeks moneytechnologies and seeks moneyd seeks moneydamages an,technologies and seeks moneyd seeks moneydamages and seeks moneydamages andamages and other relief on,d seeks moneydamages andamages and other relief ondamages and other relief ond other relief onbehalf of p,damages and other relief ond other relief onbehalf of pd other relief onbehalf of pbehalf of persons who,d other relief onbehalf of pbehalf of persons whobehalf of persons whoersons whopurchased Tesla st,behalf of persons whoersons whopurchased Tesla stersons whopurchased Tesla stpurchased Tesla stock betwee,,", which Tesla moved",to dismiss.
Plaintiffs also app,ealed the co,"air, service, cuit. The appealcomplaint was. District Con District of Casimilar proended comember 30, 2023, theCourt deni",,ch was denied.,"d seeks, amothe parties arenaming onlt of Califoro compel arbitration, which the",,granted in,or personswho paid Tesla for r,who paid Tesla for repairs servic,
or Tesla compatible replacem,le replacement parts fr,ent parts from March 2019,om March 2019to March 2023,"to March 2023. On July 17,",". On July 17, 2023, these pla","2023, these plaintiffs filed",intiffs fileda consolida,a consolidated amended compl,ted amended complaint. On,
"September 27, 2023, the cour","23, the courroposed class the amendede complaint allepending arbnty case to fede6, 2025, thes of the fifttices to consumersabout propo",,"s. On June 9, 2","compel arbitraa, Inc. in the0, 2024, the Coe materialmisreprese","a, Inc. in the0, 2024, the Coe materialmisreprese0, 2024, the Coe materialmisrepresee materialmisrepresemisrepresentations and omissio","0, 2024, the Coe materialmisrepresee materialmisrepresemisrepresentations and omissioe materialmisrepresemisrepresentations and omissiomisrepresentations and omissiontations and omissions about th",,rt dismisse,"17, 2023, the courtgranted Tes",
Company’s Autopilot and FSDilot and FSDCapabilityilot and FSDCapabilityCapabilitytechnologies anilot and FSDCapabilityCapabilitytechnologies anCapabilitytechnologies antechnologies and seeks money,ilot and FSDCapabilityCapabilitytechnologies anCapabilitytechnologies antechnologies and seeks moneyCapabilitytechnologies antechnologies and seeks moneytechnologies and seeks moneyd seeks moneydamages an,Capabilitytechnologies antechnologies and seeks moneytechnologies and seeks moneyd seeks moneydamages antechnologies and seeks moneyd seeks moneydamages and seeks moneydamages andamages and other relief on,technologies and seeks moneyd seeks moneydamages and seeks moneydamages andamages and other relief ond seeks moneydamages andamages and other relief ondamages and other relief ond other relief onbehalf of p,d seeks moneydamages andamages and other relief ondamages and other relief ond other relief onbehalf of pdamages and other relief ond other relief onbehalf of pd other relief onbehalf of pbehalf of persons who,damages and other relief ond other relief onbehalf of pd other relief onbehalf of pbehalf of persons whod other relief onbehalf of pbehalf of persons whobehalf of persons whoersons whopurchased Tesla st,d other relief onbehalf of pbehalf of persons whobehalf of persons whoersons whopurchased Tesla stbehalf of persons whoersons whopurchased Tesla stersons whopurchased Tesla stpurchased Tesla stock betwee,,e or impact,", which Tesla movedto dismiss.",
Plaintiffs also appealed the co,"ealed the coair, service, cuit. The appealcomplaint was. District Con District of Casimilar proended comember 30, 2023, theCourt deni",,", if any, associa",ted with these,"claims, unles",s noted.,granted inor personswho paid Tesla for r,or personswho paid Tesla for rwho paid Tesla for repairs servic,,
or Tesla compatible replacemle replacement parts fr,le replacement parts frent parts from March 2019,ent parts from March 2019om March 2019to March 2023,"om March 2019to March 2023to March 2023. On July 17,","to March 2023. On July 17, . On July 17, 2023, these pla",". On July 17, 2023, these pla2023, these plaintiffs filed","2023, these plaintiffs filedintiffs fileda consolida",intiffs fileda consolidaa consolidated amended compl,a consolidated amended complted amended complaint. On,,
