introduces mult,"2025, the U.S. H.R","the U.S. H.R.1, an act to",".1, an act toprovide for",provide forreconcil,reconciliation,iationpursuant t,pursuant to title II of H,o title II of H. Con. Res. 1,. Con. Res. 14. (“the OBB,4. (“the OBBBA”) wa,BA”) was enacted.,Column_13,velopmen,t
"introduces mult2025, the U.S. H.R","2025, the U.S. H.Rthe U.S. H.R.1, an act to","the U.S. H.R.1, an act to.1, an act toprovide for",".1, an act toprovide forprovide forreconcil",provide forreconcilreconciliation,reconciliationiationpursuant t,iationpursuant tpursuant to title II of H,pursuant to title II of Ho title II of H. Con. Res. 1,o title II of H. Con. Res. 1. Con. Res. 14. (“the OBB,. Con. Res. 14. (“the OBB4. (“the OBBBA”) wa,4. (“the OBBBA”) waBA”) was enacted.,,credits und,er the 20,22
"introduces mult2025, the U.S. H.R2025, the U.S. H.Rthe U.S. H.R.1, an act to","2025, the U.S. H.Rthe U.S. H.R.1, an act tothe U.S. H.R.1, an act to.1, an act toprovide for","the U.S. H.R.1, an act to.1, an act toprovide for.1, an act toprovide forprovide forreconcil",".1, an act toprovide forprovide forreconcilprovide forreconcilreconciliation",provide forreconcilreconciliationreconciliationiationpursuant t,reconciliationiationpursuant tiationpursuant tpursuant to title II of H,iationpursuant tpursuant to title II of Hpursuant to title II of Ho title II of H. Con. Res. 1,pursuant to title II of Ho title II of H. Con. Res. 1o title II of H. Con. Res. 1. Con. Res. 14. (“the OBB,o title II of H. Con. Res. 1. Con. Res. 14. (“the OBB. Con. Res. 14. (“the OBB4. (“the OBBBA”) wa,. Con. Res. 14. (“the OBB4. (“the OBBBA”) wa4. (“the OBBBA”) waBA”) was enacted.,,urrently,credits under the 20,,t of
"introduces mult2025, the U.S. H.R2025, the U.S. H.Rthe U.S. H.R.1, an act to2025, the U.S. H.Rthe U.S. H.R.1, an act tothe U.S. H.R.1, an act to.1, an act toprovide for","2025, the U.S. H.Rthe U.S. H.R.1, an act tothe U.S. H.R.1, an act to.1, an act toprovide forthe U.S. H.R.1, an act to.1, an act toprovide for.1, an act toprovide forprovide forreconcil","the U.S. H.R.1, an act to.1, an act toprovide for.1, an act toprovide forprovide forreconcil.1, an act toprovide forprovide forreconcilprovide forreconcilreconciliation",".1, an act toprovide forprovide forreconcilprovide forreconcilreconciliationprovide forreconcilreconciliationreconciliationiationpursuant t",provide forreconcilreconciliationreconciliationiationpursuant treconciliationiationpursuant tiationpursuant tpursuant to title II of H,reconciliationiationpursuant tiationpursuant tpursuant to title II of Hiationpursuant tpursuant to title II of Hpursuant to title II of Ho title II of H. Con. Res. 1,iationpursuant tpursuant to title II of Hpursuant to title II of Ho title II of H. Con. Res. 1pursuant to title II of Ho title II of H. Con. Res. 1o title II of H. Con. Res. 1. Con. Res. 14. (“the OBB,pursuant to title II of Ho title II of H. Con. Res. 1o title II of H. Con. Res. 1. Con. Res. 14. (“the OBBo title II of H. Con. Res. 1. Con. Res. 14. (“the OBB. Con. Res. 14. (“the OBB4. (“the OBBBA”) wa,o title II of H. Con. Res. 1. Con. Res. 14. (“the OBB. Con. Res. 14. (“the OBB4. (“the OBBBA”) wa. Con. Res. 14. (“the OBB4. (“the OBBBA”) wa4. (“the OBBBA”) waBA”) was enacted.,,d to our pro,urrentlycredits under the 20,,o the cost,s of ou
"introduces mult2025, the U.S. H.R2025, the U.S. H.Rthe U.S. H.R.1, an act to2025, the U.S. H.Rthe U.S. H.R.1, an act tothe U.S. H.R.1, an act to.1, an act toprovide for2025, the U.S. H.Rthe U.S. H.R.1, an act tothe U.S. H.R.1, an act to.1, an act toprovide forthe U.S. H.R.1, an act to.1, an act toprovide for.1, an act toprovide forprovide forreconcil","2025, the U.S. H.Rthe U.S. H.R.1, an act tothe U.S. H.R.1, an act to.1, an act toprovide forthe U.S. H.R.1, an act to.1, an act toprovide for.1, an act toprovide forprovide forreconcilthe U.S. H.R.1, an act to.1, an act toprovide for.1, an act toprovide forprovide forreconcil.1, an act toprovide forprovide forreconcilprovide forreconcilreconciliation","the U.S. H.R.1, an act to.1, an act toprovide for.1, an act toprovide forprovide forreconcil.1, an act toprovide forprovide forreconcilprovide forreconcilreconciliation.1, an act toprovide forprovide forreconcilprovide forreconcilreconciliationprovide forreconcilreconciliationreconciliationiationpursuant t",".1, an act toprovide forprovide forreconcilprovide forreconcilreconciliationprovide forreconcilreconciliationreconciliationiationpursuant tprovide forreconcilreconciliationreconciliationiationpursuant treconciliationiationpursuant tiationpursuant tpursuant to title II of H",provide forreconcilreconciliationreconciliationiationpursuant treconciliationiationpursuant tiationpursuant tpursuant to title II of Hreconciliationiationpursuant tiationpursuant tpursuant to title II of Hiationpursuant tpursuant to title II of Hpursuant to title II of Ho title II of H. Con. Res. 1,reconciliationiationpursuant tiationpursuant tpursuant to title II of Hiationpursuant tpursuant to title II of Hpursuant to title II of Ho title II of H. Con. Res. 1iationpursuant tpursuant to title II of Hpursuant to title II of Ho title II of H. Con. Res. 1pursuant to title II of Ho title II of H. Con. Res. 1o title II of H. Con. Res. 1. Con. Res. 14. (“the OBB,iationpursuant tpursuant to title II of Hpursuant to title II of Ho title II of H. Con. Res. 1pursuant to title II of Ho title II of H. Con. Res. 1o title II of H. Con. Res. 1. Con. Res. 14. (“the OBBpursuant to title II of Ho title II of H. Con. Res. 1o title II of H. Con. Res. 1. Con. Res. 14. (“the OBBo title II of H. Con. Res. 1. Con. Res. 14. (“the OBB. Con. Res. 14. (“the OBB4. (“the OBBBA”) wa,pursuant to title II of Ho title II of H. Con. Res. 1o title II of H. Con. Res. 1. Con. Res. 14. (“the OBBo title II of H. Con. Res. 1. Con. Res. 14. (“the OBB. Con. Res. 14. (“the OBB4. (“the OBBBA”) wao title II of H. Con. Res. 1. Con. Res. 14. (“the OBB. Con. Res. 14. (“the OBB4. (“the OBBBA”) wa. Con. Res. 14. (“the OBB4. (“the OBBBA”) wa4. (“the OBBBA”) waBA”) was enacted.,,,d to our prourrentlycredits under the 20,,,o the costs of ou,
"introduces mult2025, the U.S. H.R2025, the U.S. H.Rthe U.S. H.R.1, an act to2025, the U.S. H.Rthe U.S. H.R.1, an act tothe U.S. H.R.1, an act to.1, an act toprovide for2025, the U.S. H.Rthe U.S. H.R.1, an act tothe U.S. H.R.1, an act to.1, an act toprovide forthe U.S. H.R.1, an act to.1, an act toprovide for.1, an act toprovide forprovide forreconcil2025, the U.S. H.Rthe U.S. H.R.1, an act tothe U.S. H.R.1, an act to.1, an act toprovide forthe U.S. H.R.1, an act to.1, an act toprovide for.1, an act toprovide forprovide forreconcilthe U.S. H.R.1, an act to.1, an act toprovide for.1, an act toprovide forprovide forreconcil.1, an act toprovide forprovide forreconcilprovide forreconcilreconciliation","2025, the U.S. H.Rthe U.S. H.R.1, an act tothe U.S. H.R.1, an act to.1, an act toprovide forthe U.S. H.R.1, an act to.1, an act toprovide for.1, an act toprovide forprovide forreconcilthe U.S. H.R.1, an act to.1, an act toprovide for.1, an act toprovide forprovide forreconcil.1, an act toprovide forprovide forreconcilprovide forreconcilreconciliationthe U.S. H.R.1, an act to.1, an act toprovide for.1, an act toprovide forprovide forreconcil.1, an act toprovide forprovide forreconcilprovide forreconcilreconciliation.1, an act toprovide forprovide forreconcilprovide forreconcilreconciliationprovide forreconcilreconciliationreconciliationiationpursuant t","the U.S. H.R.1, an act to.1, an act toprovide for.1, an act toprovide forprovide forreconcil.1, an act toprovide forprovide forreconcilprovide forreconcilreconciliation.1, an act toprovide forprovide forreconcilprovide forreconcilreconciliationprovide forreconcilreconciliationreconciliationiationpursuant t.1, an act toprovide forprovide forreconcilprovide forreconcilreconciliationprovide forreconcilreconciliationreconciliationiationpursuant tprovide forreconcilreconciliationreconciliationiationpursuant treconciliationiationpursuant tiationpursuant tpursuant to title II of H",".1, an act toprovide forprovide forreconcilprovide forreconcilreconciliationprovide forreconcilreconciliationreconciliationiationpursuant tprovide forreconcilreconciliationreconciliationiationpursuant treconciliationiationpursuant tiationpursuant tpursuant to title II of Hprovide forreconcilreconciliationreconciliationiationpursuant treconciliationiationpursuant tiationpursuant tpursuant to title II of Hreconciliationiationpursuant tiationpursuant tpursuant to title II of Hiationpursuant tpursuant to title II of Hpursuant to title II of Ho title II of H. Con. Res. 1",provide forreconcilreconciliationreconciliationiationpursuant treconciliationiationpursuant tiationpursuant tpursuant to title II of Hreconciliationiationpursuant tiationpursuant tpursuant to title II of Hiationpursuant tpursuant to title II of Hpursuant to title II of Ho title II of H. Con. Res. 1reconciliationiationpursuant tiationpursuant tpursuant to title II of Hiationpursuant tpursuant to title II of Hpursuant to title II of Ho title II of H. Con. Res. 1iationpursuant tpursuant to title II of Hpursuant to title II of Ho title II of H. Con. Res. 1pursuant to title II of Ho title II of H. Con. Res. 1o title II of H. Con. Res. 1. Con. Res. 14. (“the OBB,reconciliationiationpursuant tiationpursuant tpursuant to title II of Hiationpursuant tpursuant to title II of Hpursuant to title II of Ho title II of H. Con. Res. 1iationpursuant tpursuant to title II of Hpursuant to title II of Ho title II of H. Con. Res. 1pursuant to title II of Ho title II of H. Con. Res. 1o title II of H. Con. Res. 1. Con. Res. 14. (“the OBBiationpursuant tpursuant to title II of Hpursuant to title II of Ho title II of H. Con. Res. 1pursuant to title II of Ho title II of H. Con. Res. 1o title II of H. Con. Res. 1. Con. Res. 14. (“the OBBpursuant to title II of Ho title II of H. Con. Res. 1o title II of H. Con. Res. 1. Con. Res. 14. (“the OBBo title II of H. Con. Res. 1. Con. Res. 14. (“the OBB. Con. Res. 14. (“the OBB4. (“the OBBBA”) wa,iationpursuant tpursuant to title II of Hpursuant to title II of Ho title II of H. Con. Res. 1pursuant to title II of Ho title II of H. Con. Res. 1o title II of H. Con. Res. 1. Con. Res. 14. (“the OBBpursuant to title II of Ho title II of H. Con. Res. 1o title II of H. Con. Res. 1. Con. Res. 14. (“the OBBo title II of H. Con. Res. 1. Con. Res. 14. (“the OBB. Con. Res. 14. (“the OBB4. (“the OBBBA”) wapursuant to title II of Ho title II of H. Con. Res. 1o title II of H. Con. Res. 1. Con. Res. 14. (“the OBBo title II of H. Con. Res. 1. Con. Res. 14. (“the OBB. Con. Res. 14. (“the OBB4. (“the OBBBA”) wao title II of H. Con. Res. 1. Con. Res. 14. (“the OBB. Con. Res. 14. (“the OBB4. (“the OBBBA”) wa. Con. Res. 14. (“the OBB4. (“the OBBBA”) wa4. (“the OBBBA”) waBA”) was enacted.,,,,,,,,
ASU 2023,-08,,,,,,,,,,,,,
"introduces mult2025, the U.S. H.R2025, the U.S. H.Rthe U.S. H.R.1, an act to2025, the U.S. H.Rthe U.S. H.R.1, an act tothe U.S. H.R.1, an act to.1, an act toprovide for2025, the U.S. H.Rthe U.S. H.R.1, an act tothe U.S. H.R.1, an act to.1, an act toprovide forthe U.S. H.R.1, an act to.1, an act toprovide for.1, an act toprovide forprovide forreconcil2025, the U.S. H.Rthe U.S. H.R.1, an act tothe U.S. H.R.1, an act to.1, an act toprovide forthe U.S. H.R.1, an act to.1, an act toprovide for.1, an act toprovide forprovide forreconcilthe U.S. H.R.1, an act to.1, an act toprovide for.1, an act toprovide forprovide forreconcil.1, an act toprovide forprovide forreconcilprovide forreconcilreconciliation2025, the U.S. H.Rthe U.S. H.R.1, an act tothe U.S. H.R.1, an act to.1, an act toprovide forthe U.S. H.R.1, an act to.1, an act toprovide for.1, an act toprovide forprovide forreconcilthe U.S. H.R.1, an act to.1, an act toprovide for.1, an act toprovide forprovide forreconcil.1, an act toprovide forprovide forreconcilprovide forreconcilreconciliationthe U.S. H.R.1, an act to.1, an act toprovide for.1, an act toprovide forprovide forreconcil.1, an act toprovide forprovide forreconcilprovide forreconcilreconciliation.1, an act toprovide forprovide forreconcilprovide forreconcilreconciliationprovide forreconcilreconciliationreconciliationiationpursuant t","2025, the U.S. H.Rthe U.S. H.R.1, an act tothe U.S. H.R.1, an act to.1, an act toprovide forthe U.S. H.R.1, an act to.1, an act toprovide for.1, an act toprovide forprovide forreconcilthe U.S. H.R.1, an act to.1, an act toprovide for.1, an act toprovide forprovide forreconcil.1, an act toprovide forprovide forreconcilprovide forreconcilreconciliationthe U.S. H.R.1, an act to.1, an act toprovide for.1, an act toprovide forprovide forreconcil.1, an act toprovide forprovide forreconcilprovide forreconcilreconciliation.1, an act toprovide forprovide forreconcilprovide forreconcilreconciliationprovide forreconcilreconciliationreconciliationiationpursuant tthe U.S. H.R.1, an act to.1, an act toprovide for.1, an act toprovide forprovide forreconcil.1, an act toprovide forprovide forreconcilprovide forreconcilreconciliation.1, an act toprovide forprovide forreconcilprovide forreconcilreconciliationprovide forreconcilreconciliationreconciliationiationpursuant t.1, an act toprovide forprovide forreconcilprovide forreconcilreconciliationprovide forreconcilreconciliationreconciliationiationpursuant tprovide forreconcilreconciliationreconciliationiationpursuant treconciliationiationpursuant tiationpursuant tpursuant to title II of H","the U.S. H.R.1, an act to.1, an act toprovide for.1, an act toprovide forprovide forreconcil.1, an act toprovide forprovide forreconcilprovide forreconcilreconciliation.1, an act toprovide forprovide forreconcilprovide forreconcilreconciliationprovide forreconcilreconciliationreconciliationiationpursuant t.1, an act toprovide forprovide forreconcilprovide forreconcilreconciliationprovide forreconcilreconciliationreconciliationiationpursuant tprovide forreconcilreconciliationreconciliationiationpursuant treconciliationiationpursuant tiationpursuant tpursuant to title II of H.1, an act toprovide forprovide forreconcilprovide forreconcilreconciliationprovide forreconcilreconciliationreconciliationiationpursuant tprovide forreconcilreconciliationreconciliationiationpursuant treconciliationiationpursuant tiationpursuant tpursuant to title II of Hprovide forreconcilreconciliationreconciliationiationpursuant treconciliationiationpursuant tiationpursuant tpursuant to title II of Hreconciliationiationpursuant tiationpursuant tpursuant to title II of Hiationpursuant tpursuant to title II of Hpursuant to title II of Ho title II of H. Con. Res. 1",".1, an act toprovide forprovide forreconcilprovide forreconcilreconciliationprovide forreconcilreconciliationreconciliationiationpursuant tprovide forreconcilreconciliationreconciliationiationpursuant treconciliationiationpursuant tiationpursuant tpursuant to title II of Hprovide forreconcilreconciliationreconciliationiationpursuant treconciliationiationpursuant tiationpursuant tpursuant to title II of Hreconciliationiationpursuant tiationpursuant tpursuant to title II of Hiationpursuant tpursuant to title II of Hpursuant to title II of Ho title II of H. Con. Res. 1provide forreconcilreconciliationreconciliationiationpursuant treconciliationiationpursuant tiationpursuant tpursuant to title II of Hreconciliationiationpursuant tiationpursuant tpursuant to title II of Hiationpursuant tpursuant to title II of Hpursuant to title II of Ho title II of H. Con. Res. 1reconciliationiationpursuant tiationpursuant tpursuant to title II of Hiationpursuant tpursuant to title II of Hpursuant to title II of Ho title II of H. Con. Res. 1iationpursuant tpursuant to title II of Hpursuant to title II of Ho title II of H. Con. Res. 1pursuant to title II of Ho title II of H. Con. Res. 1o title II of H. Con. Res. 1. Con. Res. 14. (“the OBB",provide forreconcilreconciliationreconciliationiationpursuant treconciliationiationpursuant tiationpursuant tpursuant to title II of Hreconciliationiationpursuant tiationpursuant tpursuant to title II of Hiationpursuant tpursuant to title II of Hpursuant to title II of Ho title II of H. Con. Res. 1reconciliationiationpursuant tiationpursuant tpursuant to title II of Hiationpursuant tpursuant to title II of Hpursuant to title II of Ho title II of H. Con. Res. 1iationpursuant tpursuant to title II of Hpursuant to title II of Ho title II of H. Con. Res. 1pursuant to title II of Ho title II of H. Con. Res. 1o title II of H. Con. Res. 1. Con. Res. 14. (“the OBBreconciliationiationpursuant tiationpursuant tpursuant to title II of Hiationpursuant tpursuant to title II of Hpursuant to title II of Ho title II of H. Con. Res. 1iationpursuant tpursuant to title II of Hpursuant to title II of Ho title II of H. Con. Res. 1pursuant to title II of Ho title II of H. Con. Res. 1o title II of H. Con. Res. 1. Con. Res. 14. (“the OBBiationpursuant tpursuant to title II of Hpursuant to title II of Ho title II of H. Con. Res. 1pursuant to title II of Ho title II of H. Con. Res. 1o title II of H. Con. Res. 1. Con. Res. 14. (“the OBBpursuant to title II of Ho title II of H. Con. Res. 1o title II of H. Con. Res. 1. Con. Res. 14. (“the OBBo title II of H. Con. Res. 1. Con. Res. 14. (“the OBB. Con. Res. 14. (“the OBB4. (“the OBBBA”) wa,reconciliationiationpursuant tiationpursuant tpursuant to title II of Hiationpursuant tpursuant to title II of Hpursuant to title II of Ho title II of H. Con. Res. 1iationpursuant tpursuant to title II of Hpursuant to title II of Ho title II of H. Con. Res. 1pursuant to title II of Ho title II of H. Con. Res. 1o title II of H. Con. Res. 1. Con. Res. 14. (“the OBBiationpursuant tpursuant to title II of Hpursuant to title II of Ho title II of H. Con. Res. 1pursuant to title II of Ho title II of H. Con. Res. 1o title II of H. Con. Res. 1. Con. Res. 14. (“the OBBpursuant to title II of Ho title II of H. Con. Res. 1o title II of H. Con. Res. 1. Con. Res. 14. (“the OBBo title II of H. Con. Res. 1. Con. Res. 14. (“the OBB. Con. Res. 14. (“the OBB4. (“the OBBBA”) waiationpursuant tpursuant to title II of Hpursuant to title II of Ho title II of H. Con. Res. 1pursuant to title II of Ho title II of H. Con. Res. 1o title II of H. Con. Res. 1. Con. Res. 14. (“the OBBpursuant to title II of Ho title II of H. Con. Res. 1o title II of H. Con. Res. 1. Con. Res. 14. (“the OBBo title II of H. Con. Res. 1. Con. Res. 14. (“the OBB. Con. Res. 14. (“the OBB4. (“the OBBBA”) wapursuant to title II of Ho title II of H. Con. Res. 1o title II of H. Con. Res. 1. Con. Res. 14. (“the OBBo title II of H. Con. Res. 1. Con. Res. 14. (“the OBB. Con. Res. 14. (“the OBB4. (“the OBBBA”) wao title II of H. Con. Res. 1. Con. Res. 14. (“the OBB. Con. Res. 14. (“the OBB4. (“the OBBBA”) wa. Con. Res. 14. (“the OBB4. (“the OBBBA”) wa4. (“the OBBBA”) waBA”) was enacted.,,for and Dis,closure of C,rypto Assets,(Subtopic 35,0-60) (“,new crypto,assets,
standard”). The,new c,rypto assets,standard re,quires certa,in crypto,asse,ts to be me,asured at fai,r value separ,ately on the,balance,sheet with,changes r,eporte
in the statemen,t of op,erations eac,h reporting,period. The,new cryp,to ass,ets standa,rd also enha,nces the othe,r intangible,asset dis,closure req,uirement,s by
requiring the na,"me, co","st basis, fair","value, and",number of u,nits for e,ach s,ignificant c,rypto asset,holding. Duri,ng the fourth,quarte,"r of 2024, w",e adopted,the
"introduces mult2025, the U.S. H.R2025, the U.S. H.Rthe U.S. H.R.1, an act to2025, the U.S. H.Rthe U.S. H.R.1, an act tothe U.S. H.R.1, an act to.1, an act toprovide for2025, the U.S. H.Rthe U.S. H.R.1, an act tothe U.S. H.R.1, an act to.1, an act toprovide forthe U.S. H.R.1, an act to.1, an act toprovide for.1, an act toprovide forprovide forreconcil2025, the U.S. H.Rthe U.S. H.R.1, an act tothe U.S. H.R.1, an act to.1, an act toprovide forthe U.S. H.R.1, an act to.1, an act toprovide for.1, an act toprovide forprovide forreconcilthe U.S. H.R.1, an act to.1, an act toprovide for.1, an act toprovide forprovide forreconcil.1, an act toprovide forprovide forreconcilprovide forreconcilreconciliation2025, the U.S. H.Rthe U.S. H.R.1, an act tothe U.S. H.R.1, an act to.1, an act toprovide forthe U.S. H.R.1, an act to.1, an act toprovide for.1, an act toprovide forprovide forreconcilthe U.S. H.R.1, an act to.1, an act toprovide for.1, an act toprovide forprovide forreconcil.1, an act toprovide forprovide forreconcilprovide forreconcilreconciliationthe U.S. H.R.1, an act to.1, an act toprovide for.1, an act toprovide forprovide forreconcil.1, an act toprovide forprovide forreconcilprovide forreconcilreconciliation.1, an act toprovide forprovide forreconcilprovide forreconcilreconciliationprovide forreconcilreconciliationreconciliationiationpursuant t2025, the U.S. H.Rthe U.S. H.R.1, an act tothe U.S. H.R.1, an act to.1, an act toprovide forthe U.S. H.R.1, an act to.1, an act toprovide for.1, an act toprovide forprovide forreconcilthe U.S. H.R.1, an act to.1, an act toprovide for.1, an act toprovide forprovide forreconcil.1, an act toprovide forprovide forreconcilprovide forreconcilreconciliationthe U.S. H.R.1, an act to.1, an act toprovide for.1, an act toprovide forprovide forreconcil.1, an act toprovide forprovide forreconcilprovide forreconcilreconciliation.1, an act toprovide forprovide forreconcilprovide forreconcilreconciliationprovide forreconcilreconciliationreconciliationiationpursuant tthe U.S. H.R.1, an act to.1, an act toprovide for.1, an act toprovide forprovide forreconcil.1, an act toprovide forprovide forreconcilprovide forreconcilreconciliation.1, an act toprovide forprovide forreconcilprovide forreconcilreconciliationprovide forreconcilreconciliationreconciliationiationpursuant t.1, an act toprovide forprovide forreconcilprovide forreconcilreconciliationprovide forreconcilreconciliationreconciliationiationpursuant tprovide forreconcilreconciliationreconciliationiationpursuant treconciliationiationpursuant tiationpursuant tpursuant to title II of H","2025, the U.S. H.Rthe U.S. H.R.1, an act tothe U.S. H.R.1, an act to.1, an act toprovide forthe U.S. H.R.1, an act to.1, an act toprovide for.1, an act toprovide forprovide forreconcilthe U.S. H.R.1, an act to.1, an act toprovide for.1, an act toprovide forprovide forreconcil.1, an act toprovide forprovide forreconcilprovide forreconcilreconciliationthe U.S. H.R.1, an act to.1, an act toprovide for.1, an act toprovide forprovide forreconcil.1, an act toprovide forprovide forreconcilprovide forreconcilreconciliation.1, an act toprovide forprovide forreconcilprovide forreconcilreconciliationprovide forreconcilreconciliationreconciliationiationpursuant tthe U.S. H.R.1, an act to.1, an act toprovide for.1, an act toprovide forprovide forreconcil.1, an act toprovide forprovide forreconcilprovide forreconcilreconciliation.1, an act toprovide forprovide forreconcilprovide forreconcilreconciliationprovide forreconcilreconciliationreconciliationiationpursuant t.1, an act toprovide forprovide forreconcilprovide forreconcilreconciliationprovide forreconcilreconciliationreconciliationiationpursuant tprovide forreconcilreconciliationreconciliationiationpursuant treconciliationiationpursuant tiationpursuant tpursuant to title II of Hthe U.S. H.R.1, an act to.1, an act toprovide for.1, an act toprovide forprovide forreconcil.1, an act toprovide forprovide forreconcilprovide forreconcilreconciliation.1, an act toprovide forprovide forreconcilprovide forreconcilreconciliationprovide forreconcilreconciliationreconciliationiationpursuant t.1, an act toprovide forprovide forreconcilprovide forreconcilreconciliationprovide forreconcilreconciliationreconciliationiationpursuant tprovide forreconcilreconciliationreconciliationiationpursuant treconciliationiationpursuant tiationpursuant tpursuant to title II of H.1, an act toprovide forprovide forreconcilprovide forreconcilreconciliationprovide forreconcilreconciliationreconciliationiationpursuant tprovide forreconcilreconciliationreconciliationiationpursuant treconciliationiationpursuant tiationpursuant tpursuant to title II of Hprovide forreconcilreconciliationreconciliationiationpursuant treconciliationiationpursuant tiationpursuant tpursuant to title II of Hreconciliationiationpursuant tiationpursuant tpursuant to title II of Hiationpursuant tpursuant to title II of Hpursuant to title II of Ho title II of H. Con. Res. 1","the U.S. H.R.1, an act to.1, an act toprovide for.1, an act toprovide forprovide forreconcil.1, an act toprovide forprovide forreconcilprovide forreconcilreconciliation.1, an act toprovide forprovide forreconcilprovide forreconcilreconciliationprovide forreconcilreconciliationreconciliationiationpursuant t.1, an act toprovide forprovide forreconcilprovide forreconcilreconciliationprovide forreconcilreconciliationreconciliationiationpursuant tprovide forreconcilreconciliationreconciliationiationpursuant treconciliationiationpursuant tiationpursuant tpursuant to title II of H.1, an act toprovide forprovide forreconcilprovide forreconcilreconciliationprovide forreconcilreconciliationreconciliationiationpursuant tprovide forreconcilreconciliationreconciliationiationpursuant treconciliationiationpursuant tiationpursuant tpursuant to title II of Hprovide forreconcilreconciliationreconciliationiationpursuant treconciliationiationpursuant tiationpursuant tpursuant to title II of Hreconciliationiationpursuant tiationpursuant tpursuant to title II of Hiationpursuant tpursuant to title II of Hpursuant to title II of Ho title II of H. Con. Res. 1.1, an act toprovide forprovide forreconcilprovide forreconcilreconciliationprovide forreconcilreconciliationreconciliationiationpursuant tprovide forreconcilreconciliationreconciliationiationpursuant treconciliationiationpursuant tiationpursuant tpursuant to title II of Hprovide forreconcilreconciliationreconciliationiationpursuant treconciliationiationpursuant tiationpursuant tpursuant to title II of Hreconciliationiationpursuant tiationpursuant tpursuant to title II of Hiationpursuant tpursuant to title II of Hpursuant to title II of Ho title II of H. Con. Res. 1provide forreconcilreconciliationreconciliationiationpursuant treconciliationiationpursuant tiationpursuant tpursuant to title II of Hreconciliationiationpursuant tiationpursuant tpursuant to title II of Hiationpursuant tpursuant to title II of Hpursuant to title II of Ho title II of H. Con. Res. 1reconciliationiationpursuant tiationpursuant tpursuant to title II of Hiationpursuant tpursuant to title II of Hpursuant to title II of Ho title II of H. Con. Res. 1iationpursuant tpursuant to title II of Hpursuant to title II of Ho title II of H. Con. Res. 1pursuant to title II of Ho title II of H. Con. Res. 1o title II of H. Con. Res. 1. Con. Res. 14. (“the OBB",".1, an act toprovide forprovide forreconcilprovide forreconcilreconciliationprovide forreconcilreconciliationreconciliationiationpursuant tprovide forreconcilreconciliationreconciliationiationpursuant treconciliationiationpursuant tiationpursuant tpursuant to title II of Hprovide forreconcilreconciliationreconciliationiationpursuant treconciliationiationpursuant tiationpursuant tpursuant to title II of Hreconciliationiationpursuant tiationpursuant tpursuant to title II of Hiationpursuant tpursuant to title II of Hpursuant to title II of Ho title II of H. Con. Res. 1provide forreconcilreconciliationreconciliationiationpursuant treconciliationiationpursuant tiationpursuant tpursuant to title II of Hreconciliationiationpursuant tiationpursuant tpursuant to title II of Hiationpursuant tpursuant to title II of Hpursuant to title II of Ho title II of H. Con. Res. 1reconciliationiationpursuant tiationpursuant tpursuant to title II of Hiationpursuant tpursuant to title II of Hpursuant to title II of Ho title II of H. Con. Res. 1iationpursuant tpursuant to title II of Hpursuant to title II of Ho title II of H. Con. Res. 1pursuant to title II of Ho title II of H. Con. Res. 1o title II of H. Con. Res. 1. Con. Res. 14. (“the OBBprovide forreconcilreconciliationreconciliationiationpursuant treconciliationiationpursuant tiationpursuant tpursuant to title II of Hreconciliationiationpursuant tiationpursuant tpursuant to title II of Hiationpursuant tpursuant to title II of Hpursuant to title II of Ho title II of H. Con. Res. 1reconciliationiationpursuant tiationpursuant tpursuant to title II of Hiationpursuant tpursuant to title II of Hpursuant to title II of Ho title II of H. Con. Res. 1iationpursuant tpursuant to title II of Hpursuant to title II of Ho title II of H. Con. Res. 1pursuant to title II of Ho title II of H. Con. Res. 1o title II of H. Con. Res. 1. Con. Res. 14. (“the OBBreconciliationiationpursuant tiationpursuant tpursuant to title II of Hiationpursuant tpursuant to title II of Hpursuant to title II of Ho title II of H. Con. Res. 1iationpursuant tpursuant to title II of Hpursuant to title II of Ho title II of H. Con. Res. 1pursuant to title II of Ho title II of H. Con. Res. 1o title II of H. Con. Res. 1. Con. Res. 14. (“the OBBiationpursuant tpursuant to title II of Hpursuant to title II of Ho title II of H. Con. Res. 1pursuant to title II of Ho title II of H. Con. Res. 1o title II of H. Con. Res. 1. Con. Res. 14. (“the OBBpursuant to title II of Ho title II of H. Con. Res. 1o title II of H. Con. Res. 1. Con. Res. 14. (“the OBBo title II of H. Con. Res. 1. Con. Res. 14. (“the OBB. Con. Res. 14. (“the OBB4. (“the OBBBA”) wa",provide forreconcilreconciliationreconciliationiationpursuant treconciliationiationpursuant tiationpursuant tpursuant to title II of Hreconciliationiationpursuant tiationpursuant tpursuant to title II of Hiationpursuant tpursuant to title II of Hpursuant to title II of Ho title II of H. Con. Res. 1reconciliationiationpursuant tiationpursuant tpursuant to title II of Hiationpursuant tpursuant to title II of Hpursuant to title II of Ho title II of H. Con. Res. 1iationpursuant tpursuant to title II of Hpursuant to title II of Ho title II of H. Con. Res. 1pursuant to title II of Ho title II of H. Con. Res. 1o title II of H. Con. Res. 1. Con. Res. 14. (“the OBBreconciliationiationpursuant tiationpursuant tpursuant to title II of Hiationpursuant tpursuant to title II of Hpursuant to title II of Ho title II of H. Con. Res. 1iationpursuant tpursuant to title II of Hpursuant to title II of Ho title II of H. Con. Res. 1pursuant to title II of Ho title II of H. Con. Res. 1o title II of H. Con. Res. 1. Con. Res. 14. (“the OBBiationpursuant tpursuant to title II of Hpursuant to title II of Ho title II of H. Con. Res. 1pursuant to title II of Ho title II of H. Con. Res. 1o title II of H. Con. Res. 1. Con. Res. 14. (“the OBBpursuant to title II of Ho title II of H. Con. Res. 1o title II of H. Con. Res. 1. Con. Res. 14. (“the OBBo title II of H. Con. Res. 1. Con. Res. 14. (“the OBB. Con. Res. 14. (“the OBB4. (“the OBBBA”) wareconciliationiationpursuant tiationpursuant tpursuant to title II of Hiationpursuant tpursuant to title II of Hpursuant to title II of Ho title II of H. Con. Res. 1iationpursuant tpursuant to title II of Hpursuant to title II of Ho title II of H. Con. Res. 1pursuant to title II of Ho title II of H. Con. Res. 1o title II of H. Con. Res. 1. Con. Res. 14. (“the OBBiationpursuant tpursuant to title II of Hpursuant to title II of Ho title II of H. Con. Res. 1pursuant to title II of Ho title II of H. Con. Res. 1o title II of H. Con. Res. 1. Con. Res. 14. (“the OBBpursuant to title II of Ho title II of H. Con. Res. 1o title II of H. Con. Res. 1. Con. Res. 14. (“the OBBo title II of H. Con. Res. 1. Con. Res. 14. (“the OBB. Con. Res. 14. (“the OBB4. (“the OBBBA”) waiationpursuant tpursuant to title II of Hpursuant to title II of Ho title II of H. Con. Res. 1pursuant to title II of Ho title II of H. Con. Res. 1o title II of H. Con. Res. 1. Con. Res. 14. (“the OBBpursuant to title II of Ho title II of H. Con. Res. 1o title II of H. Con. Res. 1. Con. Res. 14. (“the OBBo title II of H. Con. Res. 1. Con. Res. 14. (“the OBB. Con. Res. 14. (“the OBB4. (“the OBBBA”) wapursuant to title II of Ho title II of H. Con. Res. 1o title II of H. Con. Res. 1. Con. Res. 14. (“the OBBo title II of H. Con. Res. 1. Con. Res. 14. (“the OBB. Con. Res. 14. (“the OBB4. (“the OBBBA”) wao title II of H. Con. Res. 1. Con. Res. 14. (“the OBB. Con. Res. 14. (“the OBB4. (“the OBBBA”) wa. Con. Res. 14. (“the OBB4. (“the OBBBA”) wa4. (“the OBBBA”) waBA”) was enacted.,,ffecti,for and Disclosure of C,closure of Crypto Assets,rypto Assets(Subtopic 35,(Subtopic 350-60) (“,0-60) (“new crypto,new cryptoassets,,
standard”). Thenew c,new crypto assets,rypto assetsstandard re,standard requires certa,quires certain crypto,in cryptoasse,assets to be me,ts to be measured at fai,asured at fair value separ,r value separately on the,ately on thebalance,balancesheet with,sheet withchanges r,changes reporte,
in the statement of op,t of operations eac,erations each reporting,h reportingperiod. The,period. Thenew cryp,new crypto ass,to assets standa,ets standard also enha,rd also enhances the othe,nces the other intangible,r intangibleasset dis,asset disclosure req,closure requirement,uirements by,
"requiring the name, co","me, cost basis, fair","st basis, fairvalue, and","value, andnumber of u",number of units for e,nits for each s,ach significant c,ignificant crypto asset,rypto assetholding. Duri,holding. During the fourth,ng the fourthquarte,"quarter of 2024, w","r of 2024, we adopted",,
"introduces mult2025, the U.S. H.R2025, the U.S. H.Rthe U.S. H.R.1, an act to2025, the U.S. H.Rthe U.S. H.R.1, an act tothe U.S. H.R.1, an act to.1, an act toprovide for2025, the U.S. H.Rthe U.S. H.R.1, an act tothe U.S. H.R.1, an act to.1, an act toprovide forthe U.S. H.R.1, an act to.1, an act toprovide for.1, an act toprovide forprovide forreconcil2025, the U.S. H.Rthe U.S. H.R.1, an act tothe U.S. H.R.1, an act to.1, an act toprovide forthe U.S. H.R.1, an act to.1, an act toprovide for.1, an act toprovide forprovide forreconcilthe U.S. H.R.1, an act to.1, an act toprovide for.1, an act toprovide forprovide forreconcil.1, an act toprovide forprovide forreconcilprovide forreconcilreconciliation2025, the U.S. H.Rthe U.S. H.R.1, an act tothe U.S. H.R.1, an act to.1, an act toprovide forthe U.S. H.R.1, an act to.1, an act toprovide for.1, an act toprovide forprovide forreconcilthe U.S. H.R.1, an act to.1, an act toprovide for.1, an act toprovide forprovide forreconcil.1, an act toprovide forprovide forreconcilprovide forreconcilreconciliationthe U.S. H.R.1, an act to.1, an act toprovide for.1, an act toprovide forprovide forreconcil.1, an act toprovide forprovide forreconcilprovide forreconcilreconciliation.1, an act toprovide forprovide forreconcilprovide forreconcilreconciliationprovide forreconcilreconciliationreconciliationiationpursuant t2025, the U.S. H.Rthe U.S. H.R.1, an act tothe U.S. H.R.1, an act to.1, an act toprovide forthe U.S. H.R.1, an act to.1, an act toprovide for.1, an act toprovide forprovide forreconcilthe U.S. H.R.1, an act to.1, an act toprovide for.1, an act toprovide forprovide forreconcil.1, an act toprovide forprovide forreconcilprovide forreconcilreconciliationthe U.S. H.R.1, an act to.1, an act toprovide for.1, an act toprovide forprovide forreconcil.1, an act toprovide forprovide forreconcilprovide forreconcilreconciliation.1, an act toprovide forprovide forreconcilprovide forreconcilreconciliationprovide forreconcilreconciliationreconciliationiationpursuant tthe U.S. H.R.1, an act to.1, an act toprovide for.1, an act toprovide forprovide forreconcil.1, an act toprovide forprovide forreconcilprovide forreconcilreconciliation.1, an act toprovide forprovide forreconcilprovide forreconcilreconciliationprovide forreconcilreconciliationreconciliationiationpursuant t.1, an act toprovide forprovide forreconcilprovide forreconcilreconciliationprovide forreconcilreconciliationreconciliationiationpursuant tprovide forreconcilreconciliationreconciliationiationpursuant treconciliationiationpursuant tiationpursuant tpursuant to title II of H2025, the U.S. H.Rthe U.S. H.R.1, an act tothe U.S. H.R.1, an act to.1, an act toprovide forthe U.S. H.R.1, an act to.1, an act toprovide for.1, an act toprovide forprovide forreconcilthe U.S. H.R.1, an act to.1, an act toprovide for.1, an act toprovide forprovide forreconcil.1, an act toprovide forprovide forreconcilprovide forreconcilreconciliationthe U.S. H.R.1, an act to.1, an act toprovide for.1, an act toprovide forprovide forreconcil.1, an act toprovide forprovide forreconcilprovide forreconcilreconciliation.1, an act toprovide forprovide forreconcilprovide forreconcilreconciliationprovide forreconcilreconciliationreconciliationiationpursuant tthe U.S. H.R.1, an act to.1, an act toprovide for.1, an act toprovide forprovide forreconcil.1, an act toprovide forprovide forreconcilprovide forreconcilreconciliation.1, an act toprovide forprovide forreconcilprovide forreconcilreconciliationprovide forreconcilreconciliationreconciliationiationpursuant t.1, an act toprovide forprovide forreconcilprovide forreconcilreconciliationprovide forreconcilreconciliationreconciliationiationpursuant tprovide forreconcilreconciliationreconciliationiationpursuant treconciliationiationpursuant tiationpursuant tpursuant to title II of Hthe U.S. H.R.1, an act to.1, an act toprovide for.1, an act toprovide forprovide forreconcil.1, an act toprovide forprovide forreconcilprovide forreconcilreconciliation.1, an act toprovide forprovide forreconcilprovide forreconcilreconciliationprovide forreconcilreconciliationreconciliationiationpursuant t.1, an act toprovide forprovide forreconcilprovide forreconcilreconciliationprovide forreconcilreconciliationreconciliationiationpursuant tprovide forreconcilreconciliationreconciliationiationpursuant treconciliationiationpursuant tiationpursuant tpursuant to title II of H.1, an act toprovide forprovide forreconcilprovide forreconcilreconciliationprovide forreconcilreconciliationreconciliationiationpursuant tprovide forreconcilreconciliationreconciliationiationpursuant treconciliationiationpursuant tiationpursuant tpursuant to title II of Hprovide forreconcilreconciliationreconciliationiationpursuant treconciliationiationpursuant tiationpursuant tpursuant to title II of Hreconciliationiationpursuant tiationpursuant tpursuant to title II of Hiationpursuant tpursuant to title II of Hpursuant to title II of Ho title II of H. Con. Res. 1","2025, the U.S. H.Rthe U.S. H.R.1, an act tothe U.S. H.R.1, an act to.1, an act toprovide forthe U.S. H.R.1, an act to.1, an act toprovide for.1, an act toprovide forprovide forreconcilthe U.S. H.R.1, an act to.1, an act toprovide for.1, an act toprovide forprovide forreconcil.1, an act toprovide forprovide forreconcilprovide forreconcilreconciliationthe U.S. H.R.1, an act to.1, an act toprovide for.1, an act toprovide forprovide forreconcil.1, an act toprovide forprovide forreconcilprovide forreconcilreconciliation.1, an act toprovide forprovide forreconcilprovide forreconcilreconciliationprovide forreconcilreconciliationreconciliationiationpursuant tthe U.S. H.R.1, an act to.1, an act toprovide for.1, an act toprovide forprovide forreconcil.1, an act toprovide forprovide forreconcilprovide forreconcilreconciliation.1, an act toprovide forprovide forreconcilprovide forreconcilreconciliationprovide forreconcilreconciliationreconciliationiationpursuant t.1, an act toprovide forprovide forreconcilprovide forreconcilreconciliationprovide forreconcilreconciliationreconciliationiationpursuant tprovide forreconcilreconciliationreconciliationiationpursuant treconciliationiationpursuant tiationpursuant tpursuant to title II of Hthe U.S. H.R.1, an act to.1, an act toprovide for.1, an act toprovide forprovide forreconcil.1, an act toprovide forprovide forreconcilprovide forreconcilreconciliation.1, an act toprovide forprovide forreconcilprovide forreconcilreconciliationprovide forreconcilreconciliationreconciliationiationpursuant t.1, an act toprovide forprovide forreconcilprovide forreconcilreconciliationprovide forreconcilreconciliationreconciliationiationpursuant tprovide forreconcilreconciliationreconciliationiationpursuant treconciliationiationpursuant tiationpursuant tpursuant to title II of H.1, an act toprovide forprovide forreconcilprovide forreconcilreconciliationprovide forreconcilreconciliationreconciliationiationpursuant tprovide forreconcilreconciliationreconciliationiationpursuant treconciliationiationpursuant tiationpursuant tpursuant to title II of Hprovide forreconcilreconciliationreconciliationiationpursuant treconciliationiationpursuant tiationpursuant tpursuant to title II of Hreconciliationiationpursuant tiationpursuant tpursuant to title II of Hiationpursuant tpursuant to title II of Hpursuant to title II of Ho title II of H. Con. Res. 1the U.S. H.R.1, an act to.1, an act toprovide for.1, an act toprovide forprovide forreconcil.1, an act toprovide forprovide forreconcilprovide forreconcilreconciliation.1, an act toprovide forprovide forreconcilprovide forreconcilreconciliationprovide forreconcilreconciliationreconciliationiationpursuant t.1, an act toprovide forprovide forreconcilprovide forreconcilreconciliationprovide forreconcilreconciliationreconciliationiationpursuant tprovide forreconcilreconciliationreconciliationiationpursuant treconciliationiationpursuant tiationpursuant tpursuant to title II of H.1, an act toprovide forprovide forreconcilprovide forreconcilreconciliationprovide forreconcilreconciliationreconciliationiationpursuant tprovide forreconcilreconciliationreconciliationiationpursuant treconciliationiationpursuant tiationpursuant tpursuant to title II of Hprovide forreconcilreconciliationreconciliationiationpursuant treconciliationiationpursuant tiationpursuant tpursuant to title II of Hreconciliationiationpursuant tiationpursuant tpursuant to title II of Hiationpursuant tpursuant to title II of Hpursuant to title II of Ho title II of H. Con. Res. 1.1, an act toprovide forprovide forreconcilprovide forreconcilreconciliationprovide forreconcilreconciliationreconciliationiationpursuant tprovide forreconcilreconciliationreconciliationiationpursuant treconciliationiationpursuant tiationpursuant tpursuant to title II of Hprovide forreconcilreconciliationreconciliationiationpursuant treconciliationiationpursuant tiationpursuant tpursuant to title II of Hreconciliationiationpursuant tiationpursuant tpursuant to title II of Hiationpursuant tpursuant to title II of Hpursuant to title II of Ho title II of H. Con. Res. 1provide forreconcilreconciliationreconciliationiationpursuant treconciliationiationpursuant tiationpursuant tpursuant to title II of Hreconciliationiationpursuant tiationpursuant tpursuant to title II of Hiationpursuant tpursuant to title II of Hpursuant to title II of Ho title II of H. Con. Res. 1reconciliationiationpursuant tiationpursuant tpursuant to title II of Hiationpursuant tpursuant to title II of Hpursuant to title II of Ho title II of H. Con. Res. 1iationpursuant tpursuant to title II of Hpursuant to title II of Ho title II of H. Con. Res. 1pursuant to title II of Ho title II of H. Con. Res. 1o title II of H. Con. Res. 1. Con. Res. 14. (“the OBB","the U.S. H.R.1, an act to.1, an act toprovide for.1, an act toprovide forprovide forreconcil.1, an act toprovide forprovide forreconcilprovide forreconcilreconciliation.1, an act toprovide forprovide forreconcilprovide forreconcilreconciliationprovide forreconcilreconciliationreconciliationiationpursuant t.1, an act toprovide forprovide forreconcilprovide forreconcilreconciliationprovide forreconcilreconciliationreconciliationiationpursuant tprovide forreconcilreconciliationreconciliationiationpursuant treconciliationiationpursuant tiationpursuant tpursuant to title II of H.1, an act toprovide forprovide forreconcilprovide forreconcilreconciliationprovide forreconcilreconciliationreconciliationiationpursuant tprovide forreconcilreconciliationreconciliationiationpursuant treconciliationiationpursuant tiationpursuant tpursuant to title II of Hprovide forreconcilreconciliationreconciliationiationpursuant treconciliationiationpursuant tiationpursuant tpursuant to title II of Hreconciliationiationpursuant tiationpursuant tpursuant to title II of Hiationpursuant tpursuant to title II of Hpursuant to title II of Ho title II of H. Con. Res. 1.1, an act toprovide forprovide forreconcilprovide forreconcilreconciliationprovide forreconcilreconciliationreconciliationiationpursuant tprovide forreconcilreconciliationreconciliationiationpursuant treconciliationiationpursuant tiationpursuant tpursuant to title II of Hprovide forreconcilreconciliationreconciliationiationpursuant treconciliationiationpursuant tiationpursuant tpursuant to title II of Hreconciliationiationpursuant tiationpursuant tpursuant to title II of Hiationpursuant tpursuant to title II of Hpursuant to title II of Ho title II of H. Con. Res. 1provide forreconcilreconciliationreconciliationiationpursuant treconciliationiationpursuant tiationpursuant tpursuant to title II of Hreconciliationiationpursuant tiationpursuant tpursuant to title II of Hiationpursuant tpursuant to title II of Hpursuant to title II of Ho title II of H. Con. Res. 1reconciliationiationpursuant tiationpursuant tpursuant to title II of Hiationpursuant tpursuant to title II of Hpursuant to title II of Ho title II of H. Con. Res. 1iationpursuant tpursuant to title II of Hpursuant to title II of Ho title II of H. Con. Res. 1pursuant to title II of Ho title II of H. Con. Res. 1o title II of H. Con. Res. 1. Con. Res. 14. (“the OBB.1, an act toprovide forprovide forreconcilprovide forreconcilreconciliationprovide forreconcilreconciliationreconciliationiationpursuant tprovide forreconcilreconciliationreconciliationiationpursuant treconciliationiationpursuant tiationpursuant tpursuant to title II of Hprovide forreconcilreconciliationreconciliationiationpursuant treconciliationiationpursuant tiationpursuant tpursuant to title II of Hreconciliationiationpursuant tiationpursuant tpursuant to title II of Hiationpursuant tpursuant to title II of Hpursuant to title II of Ho title II of H. Con. Res. 1provide forreconcilreconciliationreconciliationiationpursuant treconciliationiationpursuant tiationpursuant tpursuant to title II of Hreconciliationiationpursuant tiationpursuant tpursuant to title II of Hiationpursuant tpursuant to title II of Hpursuant to title II of Ho title II of H. Con. Res. 1reconciliationiationpursuant tiationpursuant tpursuant to title II of Hiationpursuant tpursuant to title II of Hpursuant to title II of Ho title II of H. Con. Res. 1iationpursuant tpursuant to title II of Hpursuant to title II of Ho title II of H. Con. Res. 1pursuant to title II of Ho title II of H. Con. Res. 1o title II of H. Con. Res. 1. Con. Res. 14. (“the OBBprovide forreconcilreconciliationreconciliationiationpursuant treconciliationiationpursuant tiationpursuant tpursuant to title II of Hreconciliationiationpursuant tiationpursuant tpursuant to title II of Hiationpursuant tpursuant to title II of Hpursuant to title II of Ho title II of H. Con. Res. 1reconciliationiationpursuant tiationpursuant tpursuant to title II of Hiationpursuant tpursuant to title II of Hpursuant to title II of Ho title II of H. Con. Res. 1iationpursuant tpursuant to title II of Hpursuant to title II of Ho title II of H. Con. Res. 1pursuant to title II of Ho title II of H. Con. Res. 1o title II of H. Con. Res. 1. Con. Res. 14. (“the OBBreconciliationiationpursuant tiationpursuant tpursuant to title II of Hiationpursuant tpursuant to title II of Hpursuant to title II of Ho title II of H. Con. Res. 1iationpursuant tpursuant to title II of Hpursuant to title II of Ho title II of H. Con. Res. 1pursuant to title II of Ho title II of H. Con. Res. 1o title II of H. Con. Res. 1. Con. Res. 14. (“the OBBiationpursuant tpursuant to title II of Hpursuant to title II of Ho title II of H. Con. Res. 1pursuant to title II of Ho title II of H. Con. Res. 1o title II of H. Con. Res. 1. Con. Res. 14. (“the OBBpursuant to title II of Ho title II of H. Con. Res. 1o title II of H. Con. Res. 1. Con. Res. 14. (“the OBBo title II of H. Con. Res. 1. Con. Res. 14. (“the OBB. Con. Res. 14. (“the OBB4. (“the OBBBA”) wa",".1, an act toprovide forprovide forreconcilprovide forreconcilreconciliationprovide forreconcilreconciliationreconciliationiationpursuant tprovide forreconcilreconciliationreconciliationiationpursuant treconciliationiationpursuant tiationpursuant tpursuant to title II of Hprovide forreconcilreconciliationreconciliationiationpursuant treconciliationiationpursuant tiationpursuant tpursuant to title II of Hreconciliationiationpursuant tiationpursuant tpursuant to title II of Hiationpursuant tpursuant to title II of Hpursuant to title II of Ho title II of H. Con. Res. 1provide forreconcilreconciliationreconciliationiationpursuant treconciliationiationpursuant tiationpursuant tpursuant to title II of Hreconciliationiationpursuant tiationpursuant tpursuant to title II of Hiationpursuant tpursuant to title II of Hpursuant to title II of Ho title II of H. Con. Res. 1reconciliationiationpursuant tiationpursuant tpursuant to title II of Hiationpursuant tpursuant to title II of Hpursuant to title II of Ho title II of H. Con. Res. 1iationpursuant tpursuant to title II of Hpursuant to title II of Ho title II of H. Con. Res. 1pursuant to title II of Ho title II of H. Con. Res. 1o title II of H. Con. Res. 1. Con. Res. 14. (“the OBBprovide forreconcilreconciliationreconciliationiationpursuant treconciliationiationpursuant tiationpursuant tpursuant to title II of Hreconciliationiationpursuant tiationpursuant tpursuant to title II of Hiationpursuant tpursuant to title II of Hpursuant to title II of Ho title II of H. Con. Res. 1reconciliationiationpursuant tiationpursuant tpursuant to title II of Hiationpursuant tpursuant to title II of Hpursuant to title II of Ho title II of H. Con. Res. 1iationpursuant tpursuant to title II of Hpursuant to title II of Ho title II of H. Con. Res. 1pursuant to title II of Ho title II of H. Con. Res. 1o title II of H. Con. Res. 1. Con. Res. 14. (“the OBBreconciliationiationpursuant tiationpursuant tpursuant to title II of Hiationpursuant tpursuant to title II of Hpursuant to title II of Ho title II of H. Con. Res. 1iationpursuant tpursuant to title II of Hpursuant to title II of Ho title II of H. Con. Res. 1pursuant to title II of Ho title II of H. Con. Res. 1o title II of H. Con. Res. 1. Con. Res. 14. (“the OBBiationpursuant tpursuant to title II of Hpursuant to title II of Ho title II of H. Con. Res. 1pursuant to title II of Ho title II of H. Con. Res. 1o title II of H. Con. Res. 1. Con. Res. 14. (“the OBBpursuant to title II of Ho title II of H. Con. Res. 1o title II of H. Con. Res. 1. Con. Res. 14. (“the OBBo title II of H. Con. Res. 1. Con. Res. 14. (“the OBB. Con. Res. 14. (“the OBB4. (“the OBBBA”) waprovide forreconcilreconciliationreconciliationiationpursuant treconciliationiationpursuant tiationpursuant tpursuant to title II of Hreconciliationiationpursuant tiationpursuant tpursuant to title II of Hiationpursuant tpursuant to title II of Hpursuant to title II of Ho title II of H. Con. Res. 1reconciliationiationpursuant tiationpursuant tpursuant to title II of Hiationpursuant tpursuant to title II of Hpursuant to title II of Ho title II of H. Con. Res. 1iationpursuant tpursuant to title II of Hpursuant to title II of Ho title II of H. Con. Res. 1pursuant to title II of Ho title II of H. Con. Res. 1o title II of H. Con. Res. 1. Con. Res. 14. (“the OBBreconciliationiationpursuant tiationpursuant tpursuant to title II of Hiationpursuant tpursuant to title II of Hpursuant to title II of Ho title II of H. Con. Res. 1iationpursuant tpursuant to title II of Hpursuant to title II of Ho title II of H. Con. Res. 1pursuant to title II of Ho title II of H. Con. Res. 1o title II of H. Con. Res. 1. Con. Res. 14. (“the OBBiationpursuant tpursuant to title II of Hpursuant to title II of Ho title II of H. Con. Res. 1pursuant to title II of Ho title II of H. Con. Res. 1o title II of H. Con. Res. 1. Con. Res. 14. (“the OBBpursuant to title II of Ho title II of H. Con. Res. 1o title II of H. Con. Res. 1. Con. Res. 14. (“the OBBo title II of H. Con. Res. 1. Con. Res. 14. (“the OBB. Con. Res. 14. (“the OBB4. (“the OBBBA”) wareconciliationiationpursuant tiationpursuant tpursuant to title II of Hiationpursuant tpursuant to title II of Hpursuant to title II of Ho title II of H. Con. Res. 1iationpursuant tpursuant to title II of Hpursuant to title II of Ho title II of H. Con. Res. 1pursuant to title II of Ho title II of H. Con. Res. 1o title II of H. Con. Res. 1. Con. Res. 14. (“the OBBiationpursuant tpursuant to title II of Hpursuant to title II of Ho title II of H. Con. Res. 1pursuant to title II of Ho title II of H. Con. Res. 1o title II of H. Con. Res. 1. Con. Res. 14. (“the OBBpursuant to title II of Ho title II of H. Con. Res. 1o title II of H. Con. Res. 1. Con. Res. 14. (“the OBBo title II of H. Con. Res. 1. Con. Res. 14. (“the OBB. Con. Res. 14. (“the OBB4. (“the OBBBA”) waiationpursuant tpursuant to title II of Hpursuant to title II of Ho title II of H. Con. Res. 1pursuant to title II of Ho title II of H. Con. Res. 1o title II of H. Con. Res. 1. Con. Res. 14. (“the OBBpursuant to title II of Ho title II of H. Con. Res. 1o title II of H. Con. Res. 1. Con. Res. 14. (“the OBBo title II of H. Con. Res. 1. Con. Res. 14. (“the OBB. Con. Res. 14. (“the OBB4. (“the OBBBA”) wapursuant to title II of Ho title II of H. Con. Res. 1o title II of H. Con. Res. 1. Con. Res. 14. (“the OBBo title II of H. Con. Res. 1. Con. Res. 14. (“the OBB. Con. Res. 14. (“the OBB4. (“the OBBBA”) wao title II of H. Con. Res. 1. Con. Res. 14. (“the OBB. Con. Res. 14. (“the OBB4. (“the OBBBA”) wa. Con. Res. 14. (“the OBB4. (“the OBBBA”) wa4. (“the OBBBA”) waBA”) was enacted.",,,ffectifor and Disclosure of C,for and Disclosure of Cclosure of Crypto Assets,closure of Crypto Assetsrypto Assets(Subtopic 35,rypto Assets(Subtopic 35(Subtopic 350-60) (“,(Subtopic 350-60) (“0-60) (“new crypto,0-60) (“new cryptonew cryptoassets,,,
standard”). Thenew cnew crypto assets,new crypto assetsrypto assetsstandard re,rypto assetsstandard restandard requires certa,standard requires certaquires certain crypto,quires certain cryptoin cryptoasse,in cryptoasseassets to be me,assets to be mets to be measured at fai,ts to be measured at faiasured at fair value separ,asured at fair value separr value separately on the,r value separately on theately on thebalance,ately on thebalancebalancesheet with,balancesheet withsheet withchanges r,sheet withchanges rchanges reporte,,
in the statement of opt of operations eac,t of operations eacerations each reporting,erations each reportingh reportingperiod. The,h reportingperiod. Theperiod. Thenew cryp,period. Thenew crypnew crypto ass,new crypto assto assets standa,to assets standaets standard also enha,ets standard also enhard also enhances the othe,rd also enhances the othences the other intangible,nces the other intangibler intangibleasset dis,r intangibleasset disasset disclosure req,asset disclosure reqclosure requirement,closure requirementuirements by,,
"requiring the name, come, cost basis, fair","me, cost basis, fairst basis, fairvalue, and","st basis, fairvalue, andvalue, andnumber of u","value, andnumber of unumber of units for e",number of units for enits for each s,nits for each sach significant c,ach significant cignificant crypto asset,ignificant crypto assetrypto assetholding. Duri,rypto assetholding. Duriholding. During the fourth,holding. During the fourthng the fourthquarte,"ng the fourthquartequarter of 2024, w","quarter of 2024, wr of 2024, we adopted",,,722
Deferred tax,assets,,,,,$,,"6,69",2 $,,(119),$,,"6,573"
"introduces mult2025, the U.S. H.R2025, the U.S. H.Rthe U.S. H.R.1, an act to2025, the U.S. H.Rthe U.S. H.R.1, an act tothe U.S. H.R.1, an act to.1, an act toprovide for2025, the U.S. H.Rthe U.S. H.R.1, an act tothe U.S. H.R.1, an act to.1, an act toprovide forthe U.S. H.R.1, an act to.1, an act toprovide for.1, an act toprovide forprovide forreconcil2025, the U.S. H.Rthe U.S. H.R.1, an act tothe U.S. H.R.1, an act to.1, an act toprovide forthe U.S. H.R.1, an act to.1, an act toprovide for.1, an act toprovide forprovide forreconcilthe U.S. H.R.1, an act to.1, an act toprovide for.1, an act toprovide forprovide forreconcil.1, an act toprovide forprovide forreconcilprovide forreconcilreconciliation2025, the U.S. H.Rthe U.S. H.R.1, an act tothe U.S. H.R.1, an act to.1, an act toprovide forthe U.S. H.R.1, an act to.1, an act toprovide for.1, an act toprovide forprovide forreconcilthe U.S. H.R.1, an act to.1, an act toprovide for.1, an act toprovide forprovide forreconcil.1, an act toprovide forprovide forreconcilprovide forreconcilreconciliationthe U.S. H.R.1, an act to.1, an act toprovide for.1, an act toprovide forprovide forreconcil.1, an act toprovide forprovide forreconcilprovide forreconcilreconciliation.1, an act toprovide forprovide forreconcilprovide forreconcilreconciliationprovide forreconcilreconciliationreconciliationiationpursuant t2025, the U.S. H.Rthe U.S. H.R.1, an act tothe U.S. H.R.1, an act to.1, an act toprovide forthe U.S. H.R.1, an act to.1, an act toprovide for.1, an act toprovide forprovide forreconcilthe U.S. H.R.1, an act to.1, an act toprovide for.1, an act toprovide forprovide forreconcil.1, an act toprovide forprovide forreconcilprovide forreconcilreconciliationthe U.S. H.R.1, an act to.1, an act toprovide for.1, an act toprovide forprovide forreconcil.1, an act toprovide forprovide forreconcilprovide forreconcilreconciliation.1, an act toprovide forprovide forreconcilprovide forreconcilreconciliationprovide forreconcilreconciliationreconciliationiationpursuant tthe U.S. H.R.1, an act to.1, an act toprovide for.1, an act toprovide forprovide forreconcil.1, an act toprovide forprovide forreconcilprovide forreconcilreconciliation.1, an act toprovide forprovide forreconcilprovide forreconcilreconciliationprovide forreconcilreconciliationreconciliationiationpursuant t.1, an act toprovide forprovide forreconcilprovide forreconcilreconciliationprovide forreconcilreconciliationreconciliationiationpursuant tprovide forreconcilreconciliationreconciliationiationpursuant treconciliationiationpursuant tiationpursuant tpursuant to title II of H2025, the U.S. H.Rthe U.S. H.R.1, an act tothe U.S. H.R.1, an act to.1, an act toprovide forthe U.S. H.R.1, an act to.1, an act toprovide for.1, an act toprovide forprovide forreconcilthe U.S. H.R.1, an act to.1, an act toprovide for.1, an act toprovide forprovide forreconcil.1, an act toprovide forprovide forreconcilprovide forreconcilreconciliationthe U.S. H.R.1, an act to.1, an act toprovide for.1, an act toprovide forprovide forreconcil.1, an act toprovide forprovide forreconcilprovide forreconcilreconciliation.1, an act toprovide forprovide forreconcilprovide forreconcilreconciliationprovide forreconcilreconciliationreconciliationiationpursuant tthe U.S. H.R.1, an act to.1, an act toprovide for.1, an act toprovide forprovide forreconcil.1, an act toprovide forprovide forreconcilprovide forreconcilreconciliation.1, an act toprovide forprovide forreconcilprovide forreconcilreconciliationprovide forreconcilreconciliationreconciliationiationpursuant t.1, an act toprovide forprovide forreconcilprovide forreconcilreconciliationprovide forreconcilreconciliationreconciliationiationpursuant tprovide forreconcilreconciliationreconciliationiationpursuant treconciliationiationpursuant tiationpursuant tpursuant to title II of Hthe U.S. H.R.1, an act to.1, an act toprovide for.1, an act toprovide forprovide forreconcil.1, an act toprovide forprovide forreconcilprovide forreconcilreconciliation.1, an act toprovide forprovide forreconcilprovide forreconcilreconciliationprovide forreconcilreconciliationreconciliationiationpursuant t.1, an act toprovide forprovide forreconcilprovide forreconcilreconciliationprovide forreconcilreconciliationreconciliationiationpursuant tprovide forreconcilreconciliationreconciliationiationpursuant treconciliationiationpursuant tiationpursuant tpursuant to title II of H.1, an act toprovide forprovide forreconcilprovide forreconcilreconciliationprovide forreconcilreconciliationreconciliationiationpursuant tprovide forreconcilreconciliationreconciliationiationpursuant treconciliationiationpursuant tiationpursuant tpursuant to title II of Hprovide forreconcilreconciliationreconciliationiationpursuant treconciliationiationpursuant tiationpursuant tpursuant to title II of Hreconciliationiationpursuant tiationpursuant tpursuant to title II of Hiationpursuant tpursuant to title II of Hpursuant to title II of Ho title II of H. Con. Res. 12025, the U.S. H.Rthe U.S. H.R.1, an act tothe U.S. H.R.1, an act to.1, an act toprovide forthe U.S. H.R.1, an act to.1, an act toprovide for.1, an act toprovide forprovide forreconcilthe U.S. H.R.1, an act to.1, an act toprovide for.1, an act toprovide forprovide forreconcil.1, an act toprovide forprovide forreconcilprovide forreconcilreconciliationthe U.S. H.R.1, an act to.1, an act toprovide for.1, an act toprovide forprovide forreconcil.1, an act toprovide forprovide forreconcilprovide forreconcilreconciliation.1, an act toprovide forprovide forreconcilprovide forreconcilreconciliationprovide forreconcilreconciliationreconciliationiationpursuant tthe U.S. H.R.1, an act to.1, an act toprovide for.1, an act toprovide forprovide forreconcil.1, an act toprovide forprovide forreconcilprovide forreconcilreconciliation.1, an act toprovide forprovide forreconcilprovide forreconcilreconciliationprovide forreconcilreconciliationreconciliationiationpursuant t.1, an act toprovide forprovide forreconcilprovide forreconcilreconciliationprovide forreconcilreconciliationreconciliationiationpursuant tprovide forreconcilreconciliationreconciliationiationpursuant treconciliationiationpursuant tiationpursuant tpursuant to title II of Hthe U.S. H.R.1, an act to.1, an act toprovide for.1, an act toprovide forprovide forreconcil.1, an act toprovide forprovide forreconcilprovide forreconcilreconciliation.1, an act toprovide forprovide forreconcilprovide forreconcilreconciliationprovide forreconcilreconciliationreconciliationiationpursuant t.1, an act toprovide forprovide forreconcilprovide forreconcilreconciliationprovide forreconcilreconciliationreconciliationiationpursuant tprovide forreconcilreconciliationreconciliationiationpursuant treconciliationiationpursuant tiationpursuant tpursuant to title II of H.1, an act toprovide forprovide forreconcilprovide forreconcilreconciliationprovide forreconcilreconciliationreconciliationiationpursuant tprovide forreconcilreconciliationreconciliationiationpursuant treconciliationiationpursuant tiationpursuant tpursuant to title II of Hprovide forreconcilreconciliationreconciliationiationpursuant treconciliationiationpursuant tiationpursuant tpursuant to title II of Hreconciliationiationpursuant tiationpursuant tpursuant to title II of Hiationpursuant tpursuant to title II of Hpursuant to title II of Ho title II of H. Con. Res. 1the U.S. H.R.1, an act to.1, an act toprovide for.1, an act toprovide forprovide forreconcil.1, an act toprovide forprovide forreconcilprovide forreconcilreconciliation.1, an act toprovide forprovide forreconcilprovide forreconcilreconciliationprovide forreconcilreconciliationreconciliationiationpursuant t.1, an act toprovide forprovide forreconcilprovide forreconcilreconciliationprovide forreconcilreconciliationreconciliationiationpursuant tprovide forreconcilreconciliationreconciliationiationpursuant treconciliationiationpursuant tiationpursuant tpursuant to title II of H.1, an act toprovide forprovide forreconcilprovide forreconcilreconciliationprovide forreconcilreconciliationreconciliationiationpursuant tprovide forreconcilreconciliationreconciliationiationpursuant treconciliationiationpursuant tiationpursuant tpursuant to title II of Hprovide forreconcilreconciliationreconciliationiationpursuant treconciliationiationpursuant tiationpursuant tpursuant to title II of Hreconciliationiationpursuant tiationpursuant tpursuant to title II of Hiationpursuant tpursuant to title II of Hpursuant to title II of Ho title II of H. Con. Res. 1.1, an act toprovide forprovide forreconcilprovide forreconcilreconciliationprovide forreconcilreconciliationreconciliationiationpursuant tprovide forreconcilreconciliationreconciliationiationpursuant treconciliationiationpursuant tiationpursuant tpursuant to title II of Hprovide forreconcilreconciliationreconciliationiationpursuant treconciliationiationpursuant tiationpursuant tpursuant to title II of Hreconciliationiationpursuant tiationpursuant tpursuant to title II of Hiationpursuant tpursuant to title II of Hpursuant to title II of Ho title II of H. Con. Res. 1provide forreconcilreconciliationreconciliationiationpursuant treconciliationiationpursuant tiationpursuant tpursuant to title II of Hreconciliationiationpursuant tiationpursuant tpursuant to title II of Hiationpursuant tpursuant to title II of Hpursuant to title II of Ho title II of H. Con. Res. 1reconciliationiationpursuant tiationpursuant tpursuant to title II of Hiationpursuant tpursuant to title II of Hpursuant to title II of Ho title II of H. Con. Res. 1iationpursuant tpursuant to title II of Hpursuant to title II of Ho title II of H. Con. Res. 1pursuant to title II of Ho title II of H. Con. Res. 1o title II of H. Con. Res. 1. Con. Res. 14. (“the OBB","2025, the U.S. H.Rthe U.S. H.R.1, an act tothe U.S. H.R.1, an act to.1, an act toprovide forthe U.S. H.R.1, an act to.1, an act toprovide for.1, an act toprovide forprovide forreconcilthe U.S. H.R.1, an act to.1, an act toprovide for.1, an act toprovide forprovide forreconcil.1, an act toprovide forprovide forreconcilprovide forreconcilreconciliationthe U.S. H.R.1, an act to.1, an act toprovide for.1, an act toprovide forprovide forreconcil.1, an act toprovide forprovide forreconcilprovide forreconcilreconciliation.1, an act toprovide forprovide forreconcilprovide forreconcilreconciliationprovide forreconcilreconciliationreconciliationiationpursuant tthe U.S. H.R.1, an act to.1, an act toprovide for.1, an act toprovide forprovide forreconcil.1, an act toprovide forprovide forreconcilprovide forreconcilreconciliation.1, an act toprovide forprovide forreconcilprovide forreconcilreconciliationprovide forreconcilreconciliationreconciliationiationpursuant t.1, an act toprovide forprovide forreconcilprovide forreconcilreconciliationprovide forreconcilreconciliationreconciliationiationpursuant tprovide forreconcilreconciliationreconciliationiationpursuant treconciliationiationpursuant tiationpursuant tpursuant to title II of Hthe U.S. H.R.1, an act to.1, an act toprovide for.1, an act toprovide forprovide forreconcil.1, an act toprovide forprovide forreconcilprovide forreconcilreconciliation.1, an act toprovide forprovide forreconcilprovide forreconcilreconciliationprovide forreconcilreconciliationreconciliationiationpursuant t.1, an act toprovide forprovide forreconcilprovide forreconcilreconciliationprovide forreconcilreconciliationreconciliationiationpursuant tprovide forreconcilreconciliationreconciliationiationpursuant treconciliationiationpursuant tiationpursuant tpursuant to title II of H.1, an act toprovide forprovide forreconcilprovide forreconcilreconciliationprovide forreconcilreconciliationreconciliationiationpursuant tprovide forreconcilreconciliationreconciliationiationpursuant treconciliationiationpursuant tiationpursuant tpursuant to title II of Hprovide forreconcilreconciliationreconciliationiationpursuant treconciliationiationpursuant tiationpursuant tpursuant to title II of Hreconciliationiationpursuant tiationpursuant tpursuant to title II of Hiationpursuant tpursuant to title II of Hpursuant to title II of Ho title II of H. Con. Res. 1the U.S. H.R.1, an act to.1, an act toprovide for.1, an act toprovide forprovide forreconcil.1, an act toprovide forprovide forreconcilprovide forreconcilreconciliation.1, an act toprovide forprovide forreconcilprovide forreconcilreconciliationprovide forreconcilreconciliationreconciliationiationpursuant t.1, an act toprovide forprovide forreconcilprovide forreconcilreconciliationprovide forreconcilreconciliationreconciliationiationpursuant tprovide forreconcilreconciliationreconciliationiationpursuant treconciliationiationpursuant tiationpursuant tpursuant to title II of H.1, an act toprovide forprovide forreconcilprovide forreconcilreconciliationprovide forreconcilreconciliationreconciliationiationpursuant tprovide forreconcilreconciliationreconciliationiationpursuant treconciliationiationpursuant tiationpursuant tpursuant to title II of Hprovide forreconcilreconciliationreconciliationiationpursuant treconciliationiationpursuant tiationpursuant tpursuant to title II of Hreconciliationiationpursuant tiationpursuant tpursuant to title II of Hiationpursuant tpursuant to title II of Hpursuant to title II of Ho title II of H. Con. Res. 1.1, an act toprovide forprovide forreconcilprovide forreconcilreconciliationprovide forreconcilreconciliationreconciliationiationpursuant tprovide forreconcilreconciliationreconciliationiationpursuant treconciliationiationpursuant tiationpursuant tpursuant to title II of Hprovide forreconcilreconciliationreconciliationiationpursuant treconciliationiationpursuant tiationpursuant tpursuant to title II of Hreconciliationiationpursuant tiationpursuant tpursuant to title II of Hiationpursuant tpursuant to title II of Hpursuant to title II of Ho title II of H. Con. Res. 1provide forreconcilreconciliationreconciliationiationpursuant treconciliationiationpursuant tiationpursuant tpursuant to title II of Hreconciliationiationpursuant tiationpursuant tpursuant to title II of Hiationpursuant tpursuant to title II of Hpursuant to title II of Ho title II of H. Con. Res. 1reconciliationiationpursuant tiationpursuant tpursuant to title II of Hiationpursuant tpursuant to title II of Hpursuant to title II of Ho title II of H. Con. Res. 1iationpursuant tpursuant to title II of Hpursuant to title II of Ho title II of H. Con. Res. 1pursuant to title II of Ho title II of H. Con. Res. 1o title II of H. Con. Res. 1. Con. Res. 14. (“the OBBthe U.S. H.R.1, an act to.1, an act toprovide for.1, an act toprovide forprovide forreconcil.1, an act toprovide forprovide forreconcilprovide forreconcilreconciliation.1, an act toprovide forprovide forreconcilprovide forreconcilreconciliationprovide forreconcilreconciliationreconciliationiationpursuant t.1, an act toprovide forprovide forreconcilprovide forreconcilreconciliationprovide forreconcilreconciliationreconciliationiationpursuant tprovide forreconcilreconciliationreconciliationiationpursuant treconciliationiationpursuant tiationpursuant tpursuant to title II of H.1, an act toprovide forprovide forreconcilprovide forreconcilreconciliationprovide forreconcilreconciliationreconciliationiationpursuant tprovide forreconcilreconciliationreconciliationiationpursuant treconciliationiationpursuant tiationpursuant tpursuant to title II of Hprovide forreconcilreconciliationreconciliationiationpursuant treconciliationiationpursuant tiationpursuant tpursuant to title II of Hreconciliationiationpursuant tiationpursuant tpursuant to title II of Hiationpursuant tpursuant to title II of Hpursuant to title II of Ho title II of H. Con. Res. 1.1, an act toprovide forprovide forreconcilprovide forreconcilreconciliationprovide forreconcilreconciliationreconciliationiationpursuant tprovide forreconcilreconciliationreconciliationiationpursuant treconciliationiationpursuant tiationpursuant tpursuant to title II of Hprovide forreconcilreconciliationreconciliationiationpursuant treconciliationiationpursuant tiationpursuant tpursuant to title II of Hreconciliationiationpursuant tiationpursuant tpursuant to title II of Hiationpursuant tpursuant to title II of Hpursuant to title II of Ho title II of H. Con. Res. 1provide forreconcilreconciliationreconciliationiationpursuant treconciliationiationpursuant tiationpursuant tpursuant to title II of Hreconciliationiationpursuant tiationpursuant tpursuant to title II of Hiationpursuant tpursuant to title II of Hpursuant to title II of Ho title II of H. Con. Res. 1reconciliationiationpursuant tiationpursuant tpursuant to title II of Hiationpursuant tpursuant to title II of Hpursuant to title II of Ho title II of H. Con. Res. 1iationpursuant tpursuant to title II of Hpursuant to title II of Ho title II of H. Con. Res. 1pursuant to title II of Ho title II of H. Con. Res. 1o title II of H. Con. Res. 1. Con. Res. 14. (“the OBB.1, an act toprovide forprovide forreconcilprovide forreconcilreconciliationprovide forreconcilreconciliationreconciliationiationpursuant tprovide forreconcilreconciliationreconciliationiationpursuant treconciliationiationpursuant tiationpursuant tpursuant to title II of Hprovide forreconcilreconciliationreconciliationiationpursuant treconciliationiationpursuant tiationpursuant tpursuant to title II of Hreconciliationiationpursuant tiationpursuant tpursuant to title II of Hiationpursuant tpursuant to title II of Hpursuant to title II of Ho title II of H. Con. Res. 1provide forreconcilreconciliationreconciliationiationpursuant treconciliationiationpursuant tiationpursuant tpursuant to title II of Hreconciliationiationpursuant tiationpursuant tpursuant to title II of Hiationpursuant tpursuant to title II of Hpursuant to title II of Ho title II of H. Con. Res. 1reconciliationiationpursuant tiationpursuant tpursuant to title II of Hiationpursuant tpursuant to title II of Hpursuant to title II of Ho title II of H. Con. Res. 1iationpursuant tpursuant to title II of Hpursuant to title II of Ho title II of H. Con. Res. 1pursuant to title II of Ho title II of H. Con. Res. 1o title II of H. Con. Res. 1. Con. Res. 14. (“the OBBprovide forreconcilreconciliationreconciliationiationpursuant treconciliationiationpursuant tiationpursuant tpursuant to title II of Hreconciliationiationpursuant tiationpursuant tpursuant to title II of Hiationpursuant tpursuant to title II of Hpursuant to title II of Ho title II of H. Con. Res. 1reconciliationiationpursuant tiationpursuant tpursuant to title II of Hiationpursuant tpursuant to title II of Hpursuant to title II of Ho title II of H. Con. Res. 1iationpursuant tpursuant to title II of Hpursuant to title II of Ho title II of H. Con. Res. 1pursuant to title II of Ho title II of H. Con. Res. 1o title II of H. Con. Res. 1. Con. Res. 14. (“the OBBreconciliationiationpursuant tiationpursuant tpursuant to title II of Hiationpursuant tpursuant to title II of Hpursuant to title II of Ho title II of H. Con. Res. 1iationpursuant tpursuant to title II of Hpursuant to title II of Ho title II of H. Con. Res. 1pursuant to title II of Ho title II of H. Con. Res. 1o title II of H. Con. Res. 1. Con. Res. 14. (“the OBBiationpursuant tpursuant to title II of Hpursuant to title II of Ho title II of H. Con. Res. 1pursuant to title II of Ho title II of H. Con. Res. 1o title II of H. Con. Res. 1. Con. Res. 14. (“the OBBpursuant to title II of Ho title II of H. Con. Res. 1o title II of H. Con. Res. 1. Con. Res. 14. (“the OBBo title II of H. Con. Res. 1. Con. Res. 14. (“the OBB. Con. Res. 14. (“the OBB4. (“the OBBBA”) wa","the U.S. H.R.1, an act to.1, an act toprovide for.1, an act toprovide forprovide forreconcil.1, an act toprovide forprovide forreconcilprovide forreconcilreconciliation.1, an act toprovide forprovide forreconcilprovide forreconcilreconciliationprovide forreconcilreconciliationreconciliationiationpursuant t.1, an act toprovide forprovide forreconcilprovide forreconcilreconciliationprovide forreconcilreconciliationreconciliationiationpursuant tprovide forreconcilreconciliationreconciliationiationpursuant treconciliationiationpursuant tiationpursuant tpursuant to title II of H.1, an act toprovide forprovide forreconcilprovide forreconcilreconciliationprovide forreconcilreconciliationreconciliationiationpursuant tprovide forreconcilreconciliationreconciliationiationpursuant treconciliationiationpursuant tiationpursuant tpursuant to title II of Hprovide forreconcilreconciliationreconciliationiationpursuant treconciliationiationpursuant tiationpursuant tpursuant to title II of Hreconciliationiationpursuant tiationpursuant tpursuant to title II of Hiationpursuant tpursuant to title II of Hpursuant to title II of Ho title II of H. Con. Res. 1.1, an act toprovide forprovide forreconcilprovide forreconcilreconciliationprovide forreconcilreconciliationreconciliationiationpursuant tprovide forreconcilreconciliationreconciliationiationpursuant treconciliationiationpursuant tiationpursuant tpursuant to title II of Hprovide forreconcilreconciliationreconciliationiationpursuant treconciliationiationpursuant tiationpursuant tpursuant to title II of Hreconciliationiationpursuant tiationpursuant tpursuant to title II of Hiationpursuant tpursuant to title II of Hpursuant to title II of Ho title II of H. Con. Res. 1provide forreconcilreconciliationreconciliationiationpursuant treconciliationiationpursuant tiationpursuant tpursuant to title II of Hreconciliationiationpursuant tiationpursuant tpursuant to title II of Hiationpursuant tpursuant to title II of Hpursuant to title II of Ho title II of H. Con. Res. 1reconciliationiationpursuant tiationpursuant tpursuant to title II of Hiationpursuant tpursuant to title II of Hpursuant to title II of Ho title II of H. Con. Res. 1iationpursuant tpursuant to title II of Hpursuant to title II of Ho title II of H. Con. Res. 1pursuant to title II of Ho title II of H. Con. Res. 1o title II of H. Con. Res. 1. Con. Res. 14. (“the OBB.1, an act toprovide forprovide forreconcilprovide forreconcilreconciliationprovide forreconcilreconciliationreconciliationiationpursuant tprovide forreconcilreconciliationreconciliationiationpursuant treconciliationiationpursuant tiationpursuant tpursuant to title II of Hprovide forreconcilreconciliationreconciliationiationpursuant treconciliationiationpursuant tiationpursuant tpursuant to title II of Hreconciliationiationpursuant tiationpursuant tpursuant to title II of Hiationpursuant tpursuant to title II of Hpursuant to title II of Ho title II of H. Con. Res. 1provide forreconcilreconciliationreconciliationiationpursuant treconciliationiationpursuant tiationpursuant tpursuant to title II of Hreconciliationiationpursuant tiationpursuant tpursuant to title II of Hiationpursuant tpursuant to title II of Hpursuant to title II of Ho title II of H. Con. Res. 1reconciliationiationpursuant tiationpursuant tpursuant to title II of Hiationpursuant tpursuant to title II of Hpursuant to title II of Ho title II of H. Con. Res. 1iationpursuant tpursuant to title II of Hpursuant to title II of Ho title II of H. Con. Res. 1pursuant to title II of Ho title II of H. Con. Res. 1o title II of H. Con. Res. 1. Con. Res. 14. (“the OBBprovide forreconcilreconciliationreconciliationiationpursuant treconciliationiationpursuant tiationpursuant tpursuant to title II of Hreconciliationiationpursuant tiationpursuant tpursuant to title II of Hiationpursuant tpursuant to title II of Hpursuant to title II of Ho title II of H. Con. Res. 1reconciliationiationpursuant tiationpursuant tpursuant to title II of Hiationpursuant tpursuant to title II of Hpursuant to title II of Ho title II of H. Con. Res. 1iationpursuant tpursuant to title II of Hpursuant to title II of Ho title II of H. Con. Res. 1pursuant to title II of Ho title II of H. Con. Res. 1o title II of H. Con. Res. 1. Con. Res. 14. (“the OBBreconciliationiationpursuant tiationpursuant tpursuant to title II of Hiationpursuant tpursuant to title II of Hpursuant to title II of Ho title II of H. Con. Res. 1iationpursuant tpursuant to title II of Hpursuant to title II of Ho title II of H. Con. Res. 1pursuant to title II of Ho title II of H. Con. Res. 1o title II of H. Con. Res. 1. Con. Res. 14. (“the OBBiationpursuant tpursuant to title II of Hpursuant to title II of Ho title II of H. Con. Res. 1pursuant to title II of Ho title II of H. Con. Res. 1o title II of H. Con. Res. 1. Con. Res. 14. (“the OBBpursuant to title II of Ho title II of H. Con. Res. 1o title II of H. Con. Res. 1. Con. Res. 14. (“the OBBo title II of H. Con. Res. 1. Con. Res. 14. (“the OBB. Con. Res. 14. (“the OBB4. (“the OBBBA”) wa.1, an act toprovide forprovide forreconcilprovide forreconcilreconciliationprovide forreconcilreconciliationreconciliationiationpursuant tprovide forreconcilreconciliationreconciliationiationpursuant treconciliationiationpursuant tiationpursuant tpursuant to title II of Hprovide forreconcilreconciliationreconciliationiationpursuant treconciliationiationpursuant tiationpursuant tpursuant to title II of Hreconciliationiationpursuant tiationpursuant tpursuant to title II of Hiationpursuant tpursuant to title II of Hpursuant to title II of Ho title II of H. Con. Res. 1provide forreconcilreconciliationreconciliationiationpursuant treconciliationiationpursuant tiationpursuant tpursuant to title II of Hreconciliationiationpursuant tiationpursuant tpursuant to title II of Hiationpursuant tpursuant to title II of Hpursuant to title II of Ho title II of H. Con. Res. 1reconciliationiationpursuant tiationpursuant tpursuant to title II of Hiationpursuant tpursuant to title II of Hpursuant to title II of Ho title II of H. Con. Res. 1iationpursuant tpursuant to title II of Hpursuant to title II of Ho title II of H. Con. Res. 1pursuant to title II of Ho title II of H. Con. Res. 1o title II of H. Con. Res. 1. Con. Res. 14. (“the OBBprovide forreconcilreconciliationreconciliationiationpursuant treconciliationiationpursuant tiationpursuant tpursuant to title II of Hreconciliationiationpursuant tiationpursuant tpursuant to title II of Hiationpursuant tpursuant to title II of Hpursuant to title II of Ho title II of H. Con. Res. 1reconciliationiationpursuant tiationpursuant tpursuant to title II of Hiationpursuant tpursuant to title II of Hpursuant to title II of Ho title II of H. Con. Res. 1iationpursuant tpursuant to title II of Hpursuant to title II of Ho title II of H. Con. Res. 1pursuant to title II of Ho title II of H. Con. Res. 1o title II of H. Con. Res. 1. Con. Res. 14. (“the OBBreconciliationiationpursuant tiationpursuant tpursuant to title II of Hiationpursuant tpursuant to title II of Hpursuant to title II of Ho title II of H. Con. Res. 1iationpursuant tpursuant to title II of Hpursuant to title II of Ho title II of H. Con. Res. 1pursuant to title II of Ho title II of H. Con. Res. 1o title II of H. Con. Res. 1. Con. Res. 14. (“the OBBiationpursuant tpursuant to title II of Hpursuant to title II of Ho title II of H. Con. Res. 1pursuant to title II of Ho title II of H. Con. Res. 1o title II of H. Con. Res. 1. Con. Res. 14. (“the OBBpursuant to title II of Ho title II of H. Con. Res. 1o title II of H. Con. Res. 1. Con. Res. 14. (“the OBBo title II of H. Con. Res. 1. Con. Res. 14. (“the OBB. Con. Res. 14. (“the OBB4. (“the OBBBA”) waprovide forreconcilreconciliationreconciliationiationpursuant treconciliationiationpursuant tiationpursuant tpursuant to title II of Hreconciliationiationpursuant tiationpursuant tpursuant to title II of Hiationpursuant tpursuant to title II of Hpursuant to title II of Ho title II of H. Con. Res. 1reconciliationiationpursuant tiationpursuant tpursuant to title II of Hiationpursuant tpursuant to title II of Hpursuant to title II of Ho title II of H. Con. Res. 1iationpursuant tpursuant to title II of Hpursuant to title II of Ho title II of H. Con. Res. 1pursuant to title II of Ho title II of H. Con. Res. 1o title II of H. Con. Res. 1. Con. Res. 14. (“the OBBreconciliationiationpursuant tiationpursuant tpursuant to title II of Hiationpursuant tpursuant to title II of Hpursuant to title II of Ho title II of H. Con. Res. 1iationpursuant tpursuant to title II of Hpursuant to title II of Ho title II of H. Con. Res. 1pursuant to title II of Ho title II of H. Con. Res. 1o title II of H. Con. Res. 1. Con. Res. 14. (“the OBBiationpursuant tpursuant to title II of Hpursuant to title II of Ho title II of H. Con. Res. 1pursuant to title II of Ho title II of H. Con. Res. 1o title II of H. Con. Res. 1. Con. Res. 14. (“the OBBpursuant to title II of Ho title II of H. Con. Res. 1o title II of H. Con. Res. 1. Con. Res. 14. (“the OBBo title II of H. Con. Res. 1. Con. Res. 14. (“the OBB. Con. Res. 14. (“the OBB4. (“the OBBBA”) wareconciliationiationpursuant tiationpursuant tpursuant to title II of Hiationpursuant tpursuant to title II of Hpursuant to title II of Ho title II of H. Con. Res. 1iationpursuant tpursuant to title II of Hpursuant to title II of Ho title II of H. Con. Res. 1pursuant to title II of Ho title II of H. Con. Res. 1o title II of H. Con. Res. 1. Con. Res. 14. (“the OBBiationpursuant tpursuant to title II of Hpursuant to title II of Ho title II of H. Con. Res. 1pursuant to title II of Ho title II of H. Con. Res. 1o title II of H. Con. Res. 1. Con. Res. 14. (“the OBBpursuant to title II of Ho title II of H. Con. Res. 1o title II of H. Con. Res. 1. Con. Res. 14. (“the OBBo title II of H. Con. Res. 1. Con. Res. 14. (“the OBB. Con. Res. 14. (“the OBB4. (“the OBBBA”) waiationpursuant tpursuant to title II of Hpursuant to title II of Ho title II of H. Con. Res. 1pursuant to title II of Ho title II of H. Con. Res. 1o title II of H. Con. Res. 1. Con. Res. 14. (“the OBBpursuant to title II of Ho title II of H. Con. Res. 1o title II of H. Con. Res. 1. Con. Res. 14. (“the OBBo title II of H. Con. Res. 1. Con. Res. 14. (“the OBB. Con. Res. 14. (“the OBB4. (“the OBBBA”) wapursuant to title II of Ho title II of H. Con. Res. 1o title II of H. Con. Res. 1. Con. Res. 14. (“the OBBo title II of H. Con. Res. 1. Con. Res. 14. (“the OBB. Con. Res. 14. (“the OBB4. (“the OBBBA”) wao title II of H. Con. Res. 1. Con. Res. 14. (“the OBB. Con. Res. 14. (“the OBB4. (“the OBBBA”) wa. Con. Res. 14. (“the OBB4. (“the OBBBA”) wa4. (“the OBBBA”) waBA”) was enacted.",,,,ffectifor and Disclosure of Cfor and Disclosure of Cclosure of Crypto Assets,for and Disclosure of Cclosure of Crypto Assetsclosure of Crypto Assetsrypto Assets(Subtopic 35,closure of Crypto Assetsrypto Assets(Subtopic 35rypto Assets(Subtopic 35(Subtopic 350-60) (“,rypto Assets(Subtopic 35(Subtopic 350-60) (“(Subtopic 350-60) (“0-60) (“new crypto,(Subtopic 350-60) (“0-60) (“new crypto0-60) (“new cryptonew cryptoassets,,,,
standard”). Thenew cnew crypto assetsnew crypto assetsrypto assetsstandard re,new crypto assetsrypto assetsstandard rerypto assetsstandard restandard requires certa,rypto assetsstandard restandard requires certastandard requires certaquires certain crypto,standard requires certaquires certain cryptoquires certain cryptoin cryptoasse,quires certain cryptoin cryptoassein cryptoasseassets to be me,in cryptoasseassets to be meassets to be mets to be measured at fai,assets to be mets to be measured at faits to be measured at faiasured at fair value separ,ts to be measured at faiasured at fair value separasured at fair value separr value separately on the,asured at fair value separr value separately on ther value separately on theately on thebalance,r value separately on theately on thebalanceately on thebalancebalancesheet with,ately on thebalancebalancesheet withbalancesheet withsheet withchanges r,balancesheet withsheet withchanges rsheet withchanges rchanges reporte,,,"30,908"
in the statement of opt of operations eact of operations eacerations each reporting,t of operations eacerations each reportingerations each reportingh reportingperiod. The,erations each reportingh reportingperiod. Theh reportingperiod. Theperiod. Thenew cryp,h reportingperiod. Theperiod. Thenew crypperiod. Thenew crypnew crypto ass,period. Thenew crypnew crypto assnew crypto assto assets standa,new crypto assto assets standato assets standaets standard also enha,to assets standaets standard also enhaets standard also enhard also enhances the othe,ets standard also enhard also enhances the otherd also enhances the othences the other intangible,rd also enhances the othences the other intangiblences the other intangibler intangibleasset dis,nces the other intangibler intangibleasset disr intangibleasset disasset disclosure req,r intangibleasset disasset disclosure reqasset disclosure reqclosure requirement,asset disclosure reqclosure requirementclosure requirementuirements by,,,
,,,,,,,,,Adjustme,nts from Adop,tion of,,,
,,,,,,,,,the N,ew Crypto Ass,ets,,,
Consolidated,Statem,ent of Ope,rations (un,audited):,,,As Previous,ly Reported,,Standard,,As,Adjusted,
"requiring the name, come, cost basis, fairme, cost basis, fairst basis, fairvalue, and","me, cost basis, fairst basis, fairvalue, andst basis, fairvalue, andvalue, andnumber of u","st basis, fairvalue, andvalue, andnumber of uvalue, andnumber of unumber of units for e","value, andnumber of unumber of units for enumber of units for enits for each s",number of units for enits for each snits for each sach significant c,nits for each sach significant cach significant cignificant crypto asset,ach significant cignificant crypto assetignificant crypto assetrypto assetholding. Duri,ignificant crypto assetrypto assetholding. Durirypto assetholding. Duriholding. During the fourth,rypto assetholding. Duriholding. During the fourthholding. During the fourthng the fourthquarte,"holding. During the fourthng the fourthquarteng the fourthquartequarter of 2024, w","ng the fourthquartequarter of 2024, wquarter of 2024, wr of 2024, we adopted",,$,,(80
Provision for in,come t,axes,,,,$,,39,3 $,,(22),$,,371
Deferred taxassets,,le to commo,n stockhold,ers,,$,,"1,47",8 $,,(78),$,,"1,400"
Net income per,share,attributable,to common,stockholder,s:,,,,,,,,,
"introduces mult2025, the U.S. H.R2025, the U.S. H.Rthe U.S. H.R.1, an act to2025, the U.S. H.Rthe U.S. H.R.1, an act tothe U.S. H.R.1, an act to.1, an act toprovide for2025, the U.S. H.Rthe U.S. H.R.1, an act tothe U.S. H.R.1, an act to.1, an act toprovide forthe U.S. H.R.1, an act to.1, an act toprovide for.1, an act toprovide forprovide forreconcil2025, the U.S. H.Rthe U.S. H.R.1, an act tothe U.S. H.R.1, an act to.1, an act toprovide forthe U.S. H.R.1, an act to.1, an act toprovide for.1, an act toprovide forprovide forreconcilthe U.S. H.R.1, an act to.1, an act toprovide for.1, an act toprovide forprovide forreconcil.1, an act toprovide forprovide forreconcilprovide forreconcilreconciliation2025, the U.S. H.Rthe U.S. H.R.1, an act tothe U.S. H.R.1, an act to.1, an act toprovide forthe U.S. H.R.1, an act to.1, an act toprovide for.1, an act toprovide forprovide forreconcilthe U.S. H.R.1, an act to.1, an act toprovide for.1, an act toprovide forprovide forreconcil.1, an act toprovide forprovide forreconcilprovide forreconcilreconciliationthe U.S. H.R.1, an act to.1, an act toprovide for.1, an act toprovide forprovide forreconcil.1, an act toprovide forprovide forreconcilprovide forreconcilreconciliation.1, an act toprovide forprovide forreconcilprovide forreconcilreconciliationprovide forreconcilreconciliationreconciliationiationpursuant t2025, the U.S. H.Rthe U.S. H.R.1, an act tothe U.S. H.R.1, an act to.1, an act toprovide forthe U.S. H.R.1, an act to.1, an act toprovide for.1, an act toprovide forprovide forreconcilthe U.S. H.R.1, an act to.1, an act toprovide for.1, an act toprovide forprovide forreconcil.1, an act toprovide forprovide forreconcilprovide forreconcilreconciliationthe U.S. H.R.1, an act to.1, an act toprovide for.1, an act toprovide forprovide forreconcil.1, an act toprovide forprovide forreconcilprovide forreconcilreconciliation.1, an act toprovide forprovide forreconcilprovide forreconcilreconciliationprovide forreconcilreconciliationreconciliationiationpursuant tthe U.S. H.R.1, an act to.1, an act toprovide for.1, an act toprovide forprovide forreconcil.1, an act toprovide forprovide forreconcilprovide forreconcilreconciliation.1, an act toprovide forprovide forreconcilprovide forreconcilreconciliationprovide forreconcilreconciliationreconciliationiationpursuant t.1, an act toprovide forprovide forreconcilprovide forreconcilreconciliationprovide forreconcilreconciliationreconciliationiationpursuant tprovide forreconcilreconciliationreconciliationiationpursuant treconciliationiationpursuant tiationpursuant tpursuant to title II of H2025, the U.S. H.Rthe U.S. H.R.1, an act tothe U.S. H.R.1, an act to.1, an act toprovide forthe U.S. H.R.1, an act to.1, an act toprovide for.1, an act toprovide forprovide forreconcilthe U.S. H.R.1, an act to.1, an act toprovide for.1, an act toprovide forprovide forreconcil.1, an act toprovide forprovide forreconcilprovide forreconcilreconciliationthe U.S. H.R.1, an act to.1, an act toprovide for.1, an act toprovide forprovide forreconcil.1, an act toprovide forprovide forreconcilprovide forreconcilreconciliation.1, an act toprovide forprovide forreconcilprovide forreconcilreconciliationprovide forreconcilreconciliationreconciliationiationpursuant tthe U.S. H.R.1, an act to.1, an act toprovide for.1, an act toprovide forprovide forreconcil.1, an act toprovide forprovide forreconcilprovide forreconcilreconciliation.1, an act toprovide forprovide forreconcilprovide forreconcilreconciliationprovide forreconcilreconciliationreconciliationiationpursuant t.1, an act toprovide forprovide forreconcilprovide forreconcilreconciliationprovide forreconcilreconciliationreconciliationiationpursuant tprovide forreconcilreconciliationreconciliationiationpursuant treconciliationiationpursuant tiationpursuant tpursuant to title II of Hthe U.S. H.R.1, an act to.1, an act toprovide for.1, an act toprovide forprovide forreconcil.1, an act toprovide forprovide forreconcilprovide forreconcilreconciliation.1, an act toprovide forprovide forreconcilprovide forreconcilreconciliationprovide forreconcilreconciliationreconciliationiationpursuant t.1, an act toprovide forprovide forreconcilprovide forreconcilreconciliationprovide forreconcilreconciliationreconciliationiationpursuant tprovide forreconcilreconciliationreconciliationiationpursuant treconciliationiationpursuant tiationpursuant tpursuant to title II of H.1, an act toprovide forprovide forreconcilprovide forreconcilreconciliationprovide forreconcilreconciliationreconciliationiationpursuant tprovide forreconcilreconciliationreconciliationiationpursuant treconciliationiationpursuant tiationpursuant tpursuant to title II of Hprovide forreconcilreconciliationreconciliationiationpursuant treconciliationiationpursuant tiationpursuant tpursuant to title II of Hreconciliationiationpursuant tiationpursuant tpursuant to title II of Hiationpursuant tpursuant to title II of Hpursuant to title II of Ho title II of H. Con. Res. 12025, the U.S. H.Rthe U.S. H.R.1, an act tothe U.S. H.R.1, an act to.1, an act toprovide forthe U.S. H.R.1, an act to.1, an act toprovide for.1, an act toprovide forprovide forreconcilthe U.S. H.R.1, an act to.1, an act toprovide for.1, an act toprovide forprovide forreconcil.1, an act toprovide forprovide forreconcilprovide forreconcilreconciliationthe U.S. H.R.1, an act to.1, an act toprovide for.1, an act toprovide forprovide forreconcil.1, an act toprovide forprovide forreconcilprovide forreconcilreconciliation.1, an act toprovide forprovide forreconcilprovide forreconcilreconciliationprovide forreconcilreconciliationreconciliationiationpursuant tthe U.S. H.R.1, an act to.1, an act toprovide for.1, an act toprovide forprovide forreconcil.1, an act toprovide forprovide forreconcilprovide forreconcilreconciliation.1, an act toprovide forprovide forreconcilprovide forreconcilreconciliationprovide forreconcilreconciliationreconciliationiationpursuant t.1, an act toprovide forprovide forreconcilprovide forreconcilreconciliationprovide forreconcilreconciliationreconciliationiationpursuant tprovide forreconcilreconciliationreconciliationiationpursuant treconciliationiationpursuant tiationpursuant tpursuant to title II of Hthe U.S. H.R.1, an act to.1, an act toprovide for.1, an act toprovide forprovide forreconcil.1, an act toprovide forprovide forreconcilprovide forreconcilreconciliation.1, an act toprovide forprovide forreconcilprovide forreconcilreconciliationprovide forreconcilreconciliationreconciliationiationpursuant t.1, an act toprovide forprovide forreconcilprovide forreconcilreconciliationprovide forreconcilreconciliationreconciliationiationpursuant tprovide forreconcilreconciliationreconciliationiationpursuant treconciliationiationpursuant tiationpursuant tpursuant to title II of H.1, an act toprovide forprovide forreconcilprovide forreconcilreconciliationprovide forreconcilreconciliationreconciliationiationpursuant tprovide forreconcilreconciliationreconciliationiationpursuant treconciliationiationpursuant tiationpursuant tpursuant to title II of Hprovide forreconcilreconciliationreconciliationiationpursuant treconciliationiationpursuant tiationpursuant tpursuant to title II of Hreconciliationiationpursuant tiationpursuant tpursuant to title II of Hiationpursuant tpursuant to title II of Hpursuant to title II of Ho title II of H. Con. Res. 1the U.S. H.R.1, an act to.1, an act toprovide for.1, an act toprovide forprovide forreconcil.1, an act toprovide forprovide forreconcilprovide forreconcilreconciliation.1, an act toprovide forprovide forreconcilprovide forreconcilreconciliationprovide forreconcilreconciliationreconciliationiationpursuant t.1, an act toprovide forprovide forreconcilprovide forreconcilreconciliationprovide forreconcilreconciliationreconciliationiationpursuant tprovide forreconcilreconciliationreconciliationiationpursuant treconciliationiationpursuant tiationpursuant tpursuant to title II of H.1, an act toprovide forprovide forreconcilprovide forreconcilreconciliationprovide forreconcilreconciliationreconciliationiationpursuant tprovide forreconcilreconciliationreconciliationiationpursuant treconciliationiationpursuant tiationpursuant tpursuant to title II of Hprovide forreconcilreconciliationreconciliationiationpursuant treconciliationiationpursuant tiationpursuant tpursuant to title II of Hreconciliationiationpursuant tiationpursuant tpursuant to title II of Hiationpursuant tpursuant to title II of Hpursuant to title II of Ho title II of H. Con. Res. 1.1, an act toprovide forprovide forreconcilprovide forreconcilreconciliationprovide forreconcilreconciliationreconciliationiationpursuant tprovide forreconcilreconciliationreconciliationiationpursuant treconciliationiationpursuant tiationpursuant tpursuant to title II of Hprovide forreconcilreconciliationreconciliationiationpursuant treconciliationiationpursuant tiationpursuant tpursuant to title II of Hreconciliationiationpursuant tiationpursuant tpursuant to title II of Hiationpursuant tpursuant to title II of Hpursuant to title II of Ho title II of H. Con. Res. 1provide forreconcilreconciliationreconciliationiationpursuant treconciliationiationpursuant tiationpursuant tpursuant to title II of Hreconciliationiationpursuant tiationpursuant tpursuant to title II of Hiationpursuant tpursuant to title II of Hpursuant to title II of Ho title II of H. Con. Res. 1reconciliationiationpursuant tiationpursuant tpursuant to title II of Hiationpursuant tpursuant to title II of Hpursuant to title II of Ho title II of H. Con. Res. 1iationpursuant tpursuant to title II of Hpursuant to title II of Ho title II of H. Con. Res. 1pursuant to title II of Ho title II of H. Con. Res. 1o title II of H. Con. Res. 1. Con. Res. 14. (“the OBB2025, the U.S. H.Rthe U.S. H.R.1, an act tothe U.S. H.R.1, an act to.1, an act toprovide forthe U.S. H.R.1, an act to.1, an act toprovide for.1, an act toprovide forprovide forreconcilthe U.S. H.R.1, an act to.1, an act toprovide for.1, an act toprovide forprovide forreconcil.1, an act toprovide forprovide forreconcilprovide forreconcilreconciliationthe U.S. H.R.1, an act to.1, an act toprovide for.1, an act toprovide forprovide forreconcil.1, an act toprovide forprovide forreconcilprovide forreconcilreconciliation.1, an act toprovide forprovide forreconcilprovide forreconcilreconciliationprovide forreconcilreconciliationreconciliationiationpursuant tthe U.S. H.R.1, an act to.1, an act toprovide for.1, an act toprovide forprovide forreconcil.1, an act toprovide forprovide forreconcilprovide forreconcilreconciliation.1, an act toprovide forprovide forreconcilprovide forreconcilreconciliationprovide forreconcilreconciliationreconciliationiationpursuant t.1, an act toprovide forprovide forreconcilprovide forreconcilreconciliationprovide forreconcilreconciliationreconciliationiationpursuant tprovide forreconcilreconciliationreconciliationiationpursuant treconciliationiationpursuant tiationpursuant tpursuant to title II of Hthe U.S. H.R.1, an act to.1, an act toprovide for.1, an act toprovide forprovide forreconcil.1, an act toprovide forprovide forreconcilprovide forreconcilreconciliation.1, an act toprovide forprovide forreconcilprovide forreconcilreconciliationprovide forreconcilreconciliationreconciliationiationpursuant t.1, an act toprovide forprovide forreconcilprovide forreconcilreconciliationprovide forreconcilreconciliationreconciliationiationpursuant tprovide forreconcilreconciliationreconciliationiationpursuant treconciliationiationpursuant tiationpursuant tpursuant to title II of H.1, an act toprovide forprovide forreconcilprovide forreconcilreconciliationprovide forreconcilreconciliationreconciliationiationpursuant tprovide forreconcilreconciliationreconciliationiationpursuant treconciliationiationpursuant tiationpursuant tpursuant to title II of Hprovide forreconcilreconciliationreconciliationiationpursuant treconciliationiationpursuant tiationpursuant tpursuant to title II of Hreconciliationiationpursuant tiationpursuant tpursuant to title II of Hiationpursuant tpursuant to title II of Hpursuant to title II of Ho title II of H. Con. Res. 1the U.S. H.R.1, an act to.1, an act toprovide for.1, an act toprovide forprovide forreconcil.1, an act toprovide forprovide forreconcilprovide forreconcilreconciliation.1, an act toprovide forprovide forreconcilprovide forreconcilreconciliationprovide forreconcilreconciliationreconciliationiationpursuant t.1, an act toprovide forprovide forreconcilprovide forreconcilreconciliationprovide forreconcilreconciliationreconciliationiationpursuant tprovide forreconcilreconciliationreconciliationiationpursuant treconciliationiationpursuant tiationpursuant tpursuant to title II of H.1, an act toprovide forprovide forreconcilprovide forreconcilreconciliationprovide forreconcilreconciliationreconciliationiationpursuant tprovide forreconcilreconciliationreconciliationiationpursuant treconciliationiationpursuant tiationpursuant tpursuant to title II of Hprovide forreconcilreconciliationreconciliationiationpursuant treconciliationiationpursuant tiationpursuant tpursuant to title II of Hreconciliationiationpursuant tiationpursuant tpursuant to title II of Hiationpursuant tpursuant to title II of Hpursuant to title II of Ho title II of H. Con. Res. 1.1, an act toprovide forprovide forreconcilprovide forreconcilreconciliationprovide forreconcilreconciliationreconciliationiationpursuant tprovide forreconcilreconciliationreconciliationiationpursuant treconciliationiationpursuant tiationpursuant tpursuant to title II of Hprovide forreconcilreconciliationreconciliationiationpursuant treconciliationiationpursuant tiationpursuant tpursuant to title II of Hreconciliationiationpursuant tiationpursuant tpursuant to title II of Hiationpursuant tpursuant to title II of Hpursuant to title II of Ho title II of H. Con. Res. 1provide forreconcilreconciliationreconciliationiationpursuant treconciliationiationpursuant tiationpursuant tpursuant to title II of Hreconciliationiationpursuant tiationpursuant tpursuant to title II of Hiationpursuant tpursuant to title II of Hpursuant to title II of Ho title II of H. Con. Res. 1reconciliationiationpursuant tiationpursuant tpursuant to title II of Hiationpursuant tpursuant to title II of Hpursuant to title II of Ho title II of H. Con. Res. 1iationpursuant tpursuant to title II of Hpursuant to title II of Ho title II of H. Con. Res. 1pursuant to title II of Ho title II of H. Con. Res. 1o title II of H. Con. Res. 1. Con. Res. 14. (“the OBBthe U.S. H.R.1, an act to.1, an act toprovide for.1, an act toprovide forprovide forreconcil.1, an act toprovide forprovide forreconcilprovide forreconcilreconciliation.1, an act toprovide forprovide forreconcilprovide forreconcilreconciliationprovide forreconcilreconciliationreconciliationiationpursuant t.1, an act toprovide forprovide forreconcilprovide forreconcilreconciliationprovide forreconcilreconciliationreconciliationiationpursuant tprovide forreconcilreconciliationreconciliationiationpursuant treconciliationiationpursuant tiationpursuant tpursuant to title II of H.1, an act toprovide forprovide forreconcilprovide forreconcilreconciliationprovide forreconcilreconciliationreconciliationiationpursuant tprovide forreconcilreconciliationreconciliationiationpursuant treconciliationiationpursuant tiationpursuant tpursuant to title II of Hprovide forreconcilreconciliationreconciliationiationpursuant treconciliationiationpursuant tiationpursuant tpursuant to title II of Hreconciliationiationpursuant tiationpursuant tpursuant to title II of Hiationpursuant tpursuant to title II of Hpursuant to title II of Ho title II of H. Con. Res. 1.1, an act toprovide forprovide forreconcilprovide forreconcilreconciliationprovide forreconcilreconciliationreconciliationiationpursuant tprovide forreconcilreconciliationreconciliationiationpursuant treconciliationiationpursuant tiationpursuant tpursuant to title II of Hprovide forreconcilreconciliationreconciliationiationpursuant treconciliationiationpursuant tiationpursuant tpursuant to title II of Hreconciliationiationpursuant tiationpursuant tpursuant to title II of Hiationpursuant tpursuant to title II of Hpursuant to title II of Ho title II of H. Con. Res. 1provide forreconcilreconciliationreconciliationiationpursuant treconciliationiationpursuant tiationpursuant tpursuant to title II of Hreconciliationiationpursuant tiationpursuant tpursuant to title II of Hiationpursuant tpursuant to title II of Hpursuant to title II of Ho title II of H. Con. Res. 1reconciliationiationpursuant tiationpursuant tpursuant to title II of Hiationpursuant tpursuant to title II of Hpursuant to title II of Ho title II of H. Con. Res. 1iationpursuant tpursuant to title II of Hpursuant to title II of Ho title II of H. Con. Res. 1pursuant to title II of Ho title II of H. Con. Res. 1o title II of H. Con. Res. 1. Con. Res. 14. (“the OBB.1, an act toprovide forprovide forreconcilprovide forreconcilreconciliationprovide forreconcilreconciliationreconciliationiationpursuant tprovide forreconcilreconciliationreconciliationiationpursuant treconciliationiationpursuant tiationpursuant tpursuant to title II of Hprovide forreconcilreconciliationreconciliationiationpursuant treconciliationiationpursuant tiationpursuant tpursuant to title II of Hreconciliationiationpursuant tiationpursuant tpursuant to title II of Hiationpursuant tpursuant to title II of Hpursuant to title II of Ho title II of H. Con. Res. 1provide forreconcilreconciliationreconciliationiationpursuant treconciliationiationpursuant tiationpursuant tpursuant to title II of Hreconciliationiationpursuant tiationpursuant tpursuant to title II of Hiationpursuant tpursuant to title II of Hpursuant to title II of Ho title II of H. Con. Res. 1reconciliationiationpursuant tiationpursuant tpursuant to title II of Hiationpursuant tpursuant to title II of Hpursuant to title II of Ho title II of H. Con. Res. 1iationpursuant tpursuant to title II of Hpursuant to title II of Ho title II of H. Con. Res. 1pursuant to title II of Ho title II of H. Con. Res. 1o title II of H. Con. Res. 1. Con. Res. 14. (“the OBBprovide forreconcilreconciliationreconciliationiationpursuant treconciliationiationpursuant tiationpursuant tpursuant to title II of Hreconciliationiationpursuant tiationpursuant tpursuant to title II of Hiationpursuant tpursuant to title II of Hpursuant to title II of Ho title II of H. Con. Res. 1reconciliationiationpursuant tiationpursuant tpursuant to title II of Hiationpursuant tpursuant to title II of Hpursuant to title II of Ho title II of H. Con. Res. 1iationpursuant tpursuant to title II of Hpursuant to title II of Ho title II of H. Con. Res. 1pursuant to title II of Ho title II of H. Con. Res. 1o title II of H. Con. Res. 1. Con. Res. 14. (“the OBBreconciliationiationpursuant tiationpursuant tpursuant to title II of Hiationpursuant tpursuant to title II of Hpursuant to title II of Ho title II of H. Con. Res. 1iationpursuant tpursuant to title II of Hpursuant to title II of Ho title II of H. Con. Res. 1pursuant to title II of Ho title II of H. Con. Res. 1o title II of H. Con. Res. 1. Con. Res. 14. (“the OBBiationpursuant tpursuant to title II of Hpursuant to title II of Ho title II of H. Con. Res. 1pursuant to title II of Ho title II of H. Con. Res. 1o title II of H. Con. Res. 1. Con. Res. 14. (“the OBBpursuant to title II of Ho title II of H. Con. Res. 1o title II of H. Con. Res. 1. Con. Res. 14. (“the OBBo title II of H. Con. Res. 1. Con. Res. 14. (“the OBB. Con. Res. 14. (“the OBB4. (“the OBBBA”) wa","2025, the U.S. H.Rthe U.S. H.R.1, an act tothe U.S. H.R.1, an act to.1, an act toprovide forthe U.S. H.R.1, an act to.1, an act toprovide for.1, an act toprovide forprovide forreconcilthe U.S. H.R.1, an act to.1, an act toprovide for.1, an act toprovide forprovide forreconcil.1, an act toprovide forprovide forreconcilprovide forreconcilreconciliationthe U.S. H.R.1, an act to.1, an act toprovide for.1, an act toprovide forprovide forreconcil.1, an act toprovide forprovide forreconcilprovide forreconcilreconciliation.1, an act toprovide forprovide forreconcilprovide forreconcilreconciliationprovide forreconcilreconciliationreconciliationiationpursuant tthe U.S. H.R.1, an act to.1, an act toprovide for.1, an act toprovide forprovide forreconcil.1, an act toprovide forprovide forreconcilprovide forreconcilreconciliation.1, an act toprovide forprovide forreconcilprovide forreconcilreconciliationprovide forreconcilreconciliationreconciliationiationpursuant t.1, an act toprovide forprovide forreconcilprovide forreconcilreconciliationprovide forreconcilreconciliationreconciliationiationpursuant tprovide forreconcilreconciliationreconciliationiationpursuant treconciliationiationpursuant tiationpursuant tpursuant to title II of Hthe U.S. H.R.1, an act to.1, an act toprovide for.1, an act toprovide forprovide forreconcil.1, an act toprovide forprovide forreconcilprovide forreconcilreconciliation.1, an act toprovide forprovide forreconcilprovide forreconcilreconciliationprovide forreconcilreconciliationreconciliationiationpursuant t.1, an act toprovide forprovide forreconcilprovide forreconcilreconciliationprovide forreconcilreconciliationreconciliationiationpursuant tprovide forreconcilreconciliationreconciliationiationpursuant treconciliationiationpursuant tiationpursuant tpursuant to title II of H.1, an act toprovide forprovide forreconcilprovide forreconcilreconciliationprovide forreconcilreconciliationreconciliationiationpursuant tprovide forreconcilreconciliationreconciliationiationpursuant treconciliationiationpursuant tiationpursuant tpursuant to title II of Hprovide forreconcilreconciliationreconciliationiationpursuant treconciliationiationpursuant tiationpursuant tpursuant to title II of Hreconciliationiationpursuant tiationpursuant tpursuant to title II of Hiationpursuant tpursuant to title II of Hpursuant to title II of Ho title II of H. Con. Res. 1the U.S. H.R.1, an act to.1, an act toprovide for.1, an act toprovide forprovide forreconcil.1, an act toprovide forprovide forreconcilprovide forreconcilreconciliation.1, an act toprovide forprovide forreconcilprovide forreconcilreconciliationprovide forreconcilreconciliationreconciliationiationpursuant t.1, an act toprovide forprovide forreconcilprovide forreconcilreconciliationprovide forreconcilreconciliationreconciliationiationpursuant tprovide forreconcilreconciliationreconciliationiationpursuant treconciliationiationpursuant tiationpursuant tpursuant to title II of H.1, an act toprovide forprovide forreconcilprovide forreconcilreconciliationprovide forreconcilreconciliationreconciliationiationpursuant tprovide forreconcilreconciliationreconciliationiationpursuant treconciliationiationpursuant tiationpursuant tpursuant to title II of Hprovide forreconcilreconciliationreconciliationiationpursuant treconciliationiationpursuant tiationpursuant tpursuant to title II of Hreconciliationiationpursuant tiationpursuant tpursuant to title II of Hiationpursuant tpursuant to title II of Hpursuant to title II of Ho title II of H. Con. Res. 1.1, an act toprovide forprovide forreconcilprovide forreconcilreconciliationprovide forreconcilreconciliationreconciliationiationpursuant tprovide forreconcilreconciliationreconciliationiationpursuant treconciliationiationpursuant tiationpursuant tpursuant to title II of Hprovide forreconcilreconciliationreconciliationiationpursuant treconciliationiationpursuant tiationpursuant tpursuant to title II of Hreconciliationiationpursuant tiationpursuant tpursuant to title II of Hiationpursuant tpursuant to title II of Hpursuant to title II of Ho title II of H. Con. Res. 1provide forreconcilreconciliationreconciliationiationpursuant treconciliationiationpursuant tiationpursuant tpursuant to title II of Hreconciliationiationpursuant tiationpursuant tpursuant to title II of Hiationpursuant tpursuant to title II of Hpursuant to title II of Ho title II of H. Con. Res. 1reconciliationiationpursuant tiationpursuant tpursuant to title II of Hiationpursuant tpursuant to title II of Hpursuant to title II of Ho title II of H. Con. Res. 1iationpursuant tpursuant to title II of Hpursuant to title II of Ho title II of H. Con. Res. 1pursuant to title II of Ho title II of H. Con. Res. 1o title II of H. Con. Res. 1. Con. Res. 14. (“the OBBthe U.S. H.R.1, an act to.1, an act toprovide for.1, an act toprovide forprovide forreconcil.1, an act toprovide forprovide forreconcilprovide forreconcilreconciliation.1, an act toprovide forprovide forreconcilprovide forreconcilreconciliationprovide forreconcilreconciliationreconciliationiationpursuant t.1, an act toprovide forprovide forreconcilprovide forreconcilreconciliationprovide forreconcilreconciliationreconciliationiationpursuant tprovide forreconcilreconciliationreconciliationiationpursuant treconciliationiationpursuant tiationpursuant tpursuant to title II of H.1, an act toprovide forprovide forreconcilprovide forreconcilreconciliationprovide forreconcilreconciliationreconciliationiationpursuant tprovide forreconcilreconciliationreconciliationiationpursuant treconciliationiationpursuant tiationpursuant tpursuant to title II of Hprovide forreconcilreconciliationreconciliationiationpursuant treconciliationiationpursuant tiationpursuant tpursuant to title II of Hreconciliationiationpursuant tiationpursuant tpursuant to title II of Hiationpursuant tpursuant to title II of Hpursuant to title II of Ho title II of H. Con. Res. 1.1, an act toprovide forprovide forreconcilprovide forreconcilreconciliationprovide forreconcilreconciliationreconciliationiationpursuant tprovide forreconcilreconciliationreconciliationiationpursuant treconciliationiationpursuant tiationpursuant tpursuant to title II of Hprovide forreconcilreconciliationreconciliationiationpursuant treconciliationiationpursuant tiationpursuant tpursuant to title II of Hreconciliationiationpursuant tiationpursuant tpursuant to title II of Hiationpursuant tpursuant to title II of Hpursuant to title II of Ho title II of H. Con. Res. 1provide forreconcilreconciliationreconciliationiationpursuant treconciliationiationpursuant tiationpursuant tpursuant to title II of Hreconciliationiationpursuant tiationpursuant tpursuant to title II of Hiationpursuant tpursuant to title II of Hpursuant to title II of Ho title II of H. Con. Res. 1reconciliationiationpursuant tiationpursuant tpursuant to title II of Hiationpursuant tpursuant to title II of Hpursuant to title II of Ho title II of H. Con. Res. 1iationpursuant tpursuant to title II of Hpursuant to title II of Ho title II of H. Con. Res. 1pursuant to title II of Ho title II of H. Con. Res. 1o title II of H. Con. Res. 1. Con. Res. 14. (“the OBB.1, an act toprovide forprovide forreconcilprovide forreconcilreconciliationprovide forreconcilreconciliationreconciliationiationpursuant tprovide forreconcilreconciliationreconciliationiationpursuant treconciliationiationpursuant tiationpursuant tpursuant to title II of Hprovide forreconcilreconciliationreconciliationiationpursuant treconciliationiationpursuant tiationpursuant tpursuant to title II of Hreconciliationiationpursuant tiationpursuant tpursuant to title II of Hiationpursuant tpursuant to title II of Hpursuant to title II of Ho title II of H. Con. Res. 1provide forreconcilreconciliationreconciliationiationpursuant treconciliationiationpursuant tiationpursuant tpursuant to title II of Hreconciliationiationpursuant tiationpursuant tpursuant to title II of Hiationpursuant tpursuant to title II of Hpursuant to title II of Ho title II of H. Con. Res. 1reconciliationiationpursuant tiationpursuant tpursuant to title II of Hiationpursuant tpursuant to title II of Hpursuant to title II of Ho title II of H. Con. Res. 1iationpursuant tpursuant to title II of Hpursuant to title II of Ho title II of H. Con. Res. 1pursuant to title II of Ho title II of H. Con. Res. 1o title II of H. Con. Res. 1. Con. Res. 14. (“the OBBprovide forreconcilreconciliationreconciliationiationpursuant treconciliationiationpursuant tiationpursuant tpursuant to title II of Hreconciliationiationpursuant tiationpursuant tpursuant to title II of Hiationpursuant tpursuant to title II of Hpursuant to title II of Ho title II of H. Con. Res. 1reconciliationiationpursuant tiationpursuant tpursuant to title II of Hiationpursuant tpursuant to title II of Hpursuant to title II of Ho title II of H. Con. Res. 1iationpursuant tpursuant to title II of Hpursuant to title II of Ho title II of H. Con. Res. 1pursuant to title II of Ho title II of H. Con. Res. 1o title II of H. Con. Res. 1. Con. Res. 14. (“the OBBreconciliationiationpursuant tiationpursuant tpursuant to title II of Hiationpursuant tpursuant to title II of Hpursuant to title II of Ho title II of H. Con. Res. 1iationpursuant tpursuant to title II of Hpursuant to title II of Ho title II of H. Con. Res. 1pursuant to title II of Ho title II of H. Con. Res. 1o title II of H. Con. Res. 1. Con. Res. 14. (“the OBBiationpursuant tpursuant to title II of Hpursuant to title II of Ho title II of H. Con. Res. 1pursuant to title II of Ho title II of H. Con. Res. 1o title II of H. Con. Res. 1. Con. Res. 14. (“the OBBpursuant to title II of Ho title II of H. Con. Res. 1o title II of H. Con. Res. 1. Con. Res. 14. (“the OBBo title II of H. Con. Res. 1. Con. Res. 14. (“the OBB. Con. Res. 14. (“the OBB4. (“the OBBBA”) wathe U.S. H.R.1, an act to.1, an act toprovide for.1, an act toprovide forprovide forreconcil.1, an act toprovide forprovide forreconcilprovide forreconcilreconciliation.1, an act toprovide forprovide forreconcilprovide forreconcilreconciliationprovide forreconcilreconciliationreconciliationiationpursuant t.1, an act toprovide forprovide forreconcilprovide forreconcilreconciliationprovide forreconcilreconciliationreconciliationiationpursuant tprovide forreconcilreconciliationreconciliationiationpursuant treconciliationiationpursuant tiationpursuant tpursuant to title II of H.1, an act toprovide forprovide forreconcilprovide forreconcilreconciliationprovide forreconcilreconciliationreconciliationiationpursuant tprovide forreconcilreconciliationreconciliationiationpursuant treconciliationiationpursuant tiationpursuant tpursuant to title II of Hprovide forreconcilreconciliationreconciliationiationpursuant treconciliationiationpursuant tiationpursuant tpursuant to title II of Hreconciliationiationpursuant tiationpursuant tpursuant to title II of Hiationpursuant tpursuant to title II of Hpursuant to title II of Ho title II of H. Con. Res. 1.1, an act toprovide forprovide forreconcilprovide forreconcilreconciliationprovide forreconcilreconciliationreconciliationiationpursuant tprovide forreconcilreconciliationreconciliationiationpursuant treconciliationiationpursuant tiationpursuant tpursuant to title II of Hprovide forreconcilreconciliationreconciliationiationpursuant treconciliationiationpursuant tiationpursuant tpursuant to title II of Hreconciliationiationpursuant tiationpursuant tpursuant to title II of Hiationpursuant tpursuant to title II of Hpursuant to title II of Ho title II of H. Con. Res. 1provide forreconcilreconciliationreconciliationiationpursuant treconciliationiationpursuant tiationpursuant tpursuant to title II of Hreconciliationiationpursuant tiationpursuant tpursuant to title II of Hiationpursuant tpursuant to title II of Hpursuant to title II of Ho title II of H. Con. Res. 1reconciliationiationpursuant tiationpursuant tpursuant to title II of Hiationpursuant tpursuant to title II of Hpursuant to title II of Ho title II of H. Con. Res. 1iationpursuant tpursuant to title II of Hpursuant to title II of Ho title II of H. Con. Res. 1pursuant to title II of Ho title II of H. Con. Res. 1o title II of H. Con. Res. 1. Con. Res. 14. (“the OBB.1, an act toprovide forprovide forreconcilprovide forreconcilreconciliationprovide forreconcilreconciliationreconciliationiationpursuant tprovide forreconcilreconciliationreconciliationiationpursuant treconciliationiationpursuant tiationpursuant tpursuant to title II of Hprovide forreconcilreconciliationreconciliationiationpursuant treconciliationiationpursuant tiationpursuant tpursuant to title II of Hreconciliationiationpursuant tiationpursuant tpursuant to title II of Hiationpursuant tpursuant to title II of Hpursuant to title II of Ho title II of H. Con. Res. 1provide forreconcilreconciliationreconciliationiationpursuant treconciliationiationpursuant tiationpursuant tpursuant to title II of Hreconciliationiationpursuant tiationpursuant tpursuant to title II of Hiationpursuant tpursuant to title II of Hpursuant to title II of Ho title II of H. Con. Res. 1reconciliationiationpursuant tiationpursuant tpursuant to title II of Hiationpursuant tpursuant to title II of Hpursuant to title II of Ho title II of H. Con. Res. 1iationpursuant tpursuant to title II of Hpursuant to title II of Ho title II of H. Con. Res. 1pursuant to title II of Ho title II of H. Con. Res. 1o title II of H. Con. Res. 1. Con. Res. 14. (“the OBBprovide forreconcilreconciliationreconciliationiationpursuant treconciliationiationpursuant tiationpursuant tpursuant to title II of Hreconciliationiationpursuant tiationpursuant tpursuant to title II of Hiationpursuant tpursuant to title II of Hpursuant to title II of Ho title II of H. Con. Res. 1reconciliationiationpursuant tiationpursuant tpursuant to title II of Hiationpursuant tpursuant to title II of Hpursuant to title II of Ho title II of H. Con. Res. 1iationpursuant tpursuant to title II of Hpursuant to title II of Ho title II of H. Con. Res. 1pursuant to title II of Ho title II of H. Con. Res. 1o title II of H. Con. Res. 1. Con. Res. 14. (“the OBBreconciliationiationpursuant tiationpursuant tpursuant to title II of Hiationpursuant tpursuant to title II of Hpursuant to title II of Ho title II of H. Con. Res. 1iationpursuant tpursuant to title II of Hpursuant to title II of Ho title II of H. Con. Res. 1pursuant to title II of Ho title II of H. Con. Res. 1o title II of H. Con. Res. 1. Con. Res. 14. (“the OBBiationpursuant tpursuant to title II of Hpursuant to title II of Ho title II of H. Con. Res. 1pursuant to title II of Ho title II of H. Con. Res. 1o title II of H. Con. Res. 1. Con. Res. 14. (“the OBBpursuant to title II of Ho title II of H. Con. Res. 1o title II of H. Con. Res. 1. Con. Res. 14. (“the OBBo title II of H. Con. Res. 1. Con. Res. 14. (“the OBB. Con. Res. 14. (“the OBB4. (“the OBBBA”) wa.1, an act toprovide forprovide forreconcilprovide forreconcilreconciliationprovide forreconcilreconciliationreconciliationiationpursuant tprovide forreconcilreconciliationreconciliationiationpursuant treconciliationiationpursuant tiationpursuant tpursuant to title II of Hprovide forreconcilreconciliationreconciliationiationpursuant treconciliationiationpursuant tiationpursuant tpursuant to title II of Hreconciliationiationpursuant tiationpursuant tpursuant to title II of Hiationpursuant tpursuant to title II of Hpursuant to title II of Ho title II of H. Con. Res. 1provide forreconcilreconciliationreconciliationiationpursuant treconciliationiationpursuant tiationpursuant tpursuant to title II of Hreconciliationiationpursuant tiationpursuant tpursuant to title II of Hiationpursuant tpursuant to title II of Hpursuant to title II of Ho title II of H. Con. Res. 1reconciliationiationpursuant tiationpursuant tpursuant to title II of Hiationpursuant tpursuant to title II of Hpursuant to title II of Ho title II of H. Con. Res. 1iationpursuant tpursuant to title II of Hpursuant to title II of Ho title II of H. Con. Res. 1pursuant to title II of Ho title II of H. Con. Res. 1o title II of H. Con. Res. 1. Con. Res. 14. (“the OBBprovide forreconcilreconciliationreconciliationiationpursuant treconciliationiationpursuant tiationpursuant tpursuant to title II of Hreconciliationiationpursuant tiationpursuant tpursuant to title II of Hiationpursuant tpursuant to title II of Hpursuant to title II of Ho title II of H. Con. Res. 1reconciliationiationpursuant tiationpursuant tpursuant to title II of Hiationpursuant tpursuant to title II of Hpursuant to title II of Ho title II of H. Con. Res. 1iationpursuant tpursuant to title II of Hpursuant to title II of Ho title II of H. Con. Res. 1pursuant to title II of Ho title II of H. Con. Res. 1o title II of H. Con. Res. 1. Con. Res. 14. (“the OBBreconciliationiationpursuant tiationpursuant tpursuant to title II of Hiationpursuant tpursuant to title II of Hpursuant to title II of Ho title II of H. Con. Res. 1iationpursuant tpursuant to title II of Hpursuant to title II of Ho title II of H. Con. Res. 1pursuant to title II of Ho title II of H. Con. Res. 1o title II of H. Con. Res. 1. Con. Res. 14. (“the OBBiationpursuant tpursuant to title II of Hpursuant to title II of Ho title II of H. Con. Res. 1pursuant to title II of Ho title II of H. Con. Res. 1o title II of H. Con. Res. 1. Con. Res. 14. (“the OBBpursuant to title II of Ho title II of H. Con. Res. 1o title II of H. Con. Res. 1. Con. Res. 14. (“the OBBo title II of H. Con. Res. 1. Con. Res. 14. (“the OBB. Con. Res. 14. (“the OBB4. (“the OBBBA”) waprovide forreconcilreconciliationreconciliationiationpursuant treconciliationiationpursuant tiationpursuant tpursuant to title II of Hreconciliationiationpursuant tiationpursuant tpursuant to title II of Hiationpursuant tpursuant to title II of Hpursuant to title II of Ho title II of H. Con. Res. 1reconciliationiationpursuant tiationpursuant tpursuant to title II of Hiationpursuant tpursuant to title II of Hpursuant to title II of Ho title II of H. Con. Res. 1iationpursuant tpursuant to title II of Hpursuant to title II of Ho title II of H. Con. Res. 1pursuant to title II of Ho title II of H. Con. Res. 1o title II of H. Con. Res. 1. Con. Res. 14. (“the OBBreconciliationiationpursuant tiationpursuant tpursuant to title II of Hiationpursuant tpursuant to title II of Hpursuant to title II of Ho title II of H. Con. Res. 1iationpursuant tpursuant to title II of Hpursuant to title II of Ho title II of H. Con. Res. 1pursuant to title II of Ho title II of H. Con. Res. 1o title II of H. Con. Res. 1. Con. Res. 14. (“the OBBiationpursuant tpursuant to title II of Hpursuant to title II of Ho title II of H. Con. Res. 1pursuant to title II of Ho title II of H. Con. Res. 1o title II of H. Con. Res. 1. Con. Res. 14. (“the OBBpursuant to title II of Ho title II of H. Con. Res. 1o title II of H. Con. Res. 1. Con. Res. 14. (“the OBBo title II of H. Con. Res. 1. Con. Res. 14. (“the OBB. Con. Res. 14. (“the OBB4. (“the OBBBA”) wareconciliationiationpursuant tiationpursuant tpursuant to title II of Hiationpursuant tpursuant to title II of Hpursuant to title II of Ho title II of H. Con. Res. 1iationpursuant tpursuant to title II of Hpursuant to title II of Ho title II of H. Con. Res. 1pursuant to title II of Ho title II of H. Con. Res. 1o title II of H. Con. Res. 1. Con. Res. 14. (“the OBBiationpursuant tpursuant to title II of Hpursuant to title II of Ho title II of H. Con. Res. 1pursuant to title II of Ho title II of H. Con. Res. 1o title II of H. Con. Res. 1. Con. Res. 14. (“the OBBpursuant to title II of Ho title II of H. Con. Res. 1o title II of H. Con. Res. 1. Con. Res. 14. (“the OBBo title II of H. Con. Res. 1. Con. Res. 14. (“the OBB. Con. Res. 14. (“the OBB4. (“the OBBBA”) waiationpursuant tpursuant to title II of Hpursuant to title II of Ho title II of H. Con. Res. 1pursuant to title II of Ho title II of H. Con. Res. 1o title II of H. Con. Res. 1. Con. Res. 14. (“the OBBpursuant to title II of Ho title II of H. Con. Res. 1o title II of H. Con. Res. 1. Con. Res. 14. (“the OBBo title II of H. Con. Res. 1. Con. Res. 14. (“the OBB. Con. Res. 14. (“the OBB4. (“the OBBBA”) wapursuant to title II of Ho title II of H. Con. Res. 1o title II of H. Con. Res. 1. Con. Res. 14. (“the OBBo title II of H. Con. Res. 1. Con. Res. 14. (“the OBB. Con. Res. 14. (“the OBB4. (“the OBBBA”) wao title II of H. Con. Res. 1. Con. Res. 14. (“the OBB. Con. Res. 14. (“the OBB4. (“the OBBBA”) wa. Con. Res. 14. (“the OBB4. (“the OBBBA”) wa4. (“the OBBBA”) waBA”) was enacted.",,,,,ffectifor and Disclosure of Cfor and Disclosure of Cclosure of Crypto Assetsfor and Disclosure of Cclosure of Crypto Assetsclosure of Crypto Assetsrypto Assets(Subtopic 35,for and Disclosure of Cclosure of Crypto Assetsclosure of Crypto Assetsrypto Assets(Subtopic 35closure of Crypto Assetsrypto Assets(Subtopic 35rypto Assets(Subtopic 35(Subtopic 350-60) (“,closure of Crypto Assetsrypto Assets(Subtopic 35rypto Assets(Subtopic 35(Subtopic 350-60) (“rypto Assets(Subtopic 35(Subtopic 350-60) (“(Subtopic 350-60) (“0-60) (“new crypto,rypto Assets(Subtopic 35(Subtopic 350-60) (“(Subtopic 350-60) (“0-60) (“new crypto(Subtopic 350-60) (“0-60) (“new crypto0-60) (“new cryptonew cryptoassets,,(0.02),$,,0.44
Diluted,,,,,,$,,0.4,2 $,,(0.02),$,,0.40
standard”). Thenew cnew crypto assetsnew crypto assetsrypto assetsstandard renew crypto assetsrypto assetsstandard rerypto assetsstandard restandard requires certa,new crypto assetsrypto assetsstandard rerypto assetsstandard restandard requires certarypto assetsstandard restandard requires certastandard requires certaquires certain crypto,rypto assetsstandard restandard requires certastandard requires certaquires certain cryptostandard requires certaquires certain cryptoquires certain cryptoin cryptoasse,standard requires certaquires certain cryptoquires certain cryptoin cryptoassequires certain cryptoin cryptoassein cryptoasseassets to be me,quires certain cryptoin cryptoassein cryptoasseassets to be mein cryptoasseassets to be meassets to be mets to be measured at fai,in cryptoasseassets to be meassets to be mets to be measured at faiassets to be mets to be measured at faits to be measured at faiasured at fair value separ,assets to be mets to be measured at faits to be measured at faiasured at fair value separts to be measured at faiasured at fair value separasured at fair value separr value separately on the,ts to be measured at faiasured at fair value separasured at fair value separr value separately on theasured at fair value separr value separately on ther value separately on theately on thebalance,asured at fair value separr value separately on ther value separately on theately on thebalancer value separately on theately on thebalanceately on thebalancebalancesheet with,r value separately on theately on thebalanceately on thebalancebalancesheet withately on thebalancebalancesheet withbalancesheet withsheet withchanges r,ately on thebalancebalancesheet withbalancesheet withsheet withchanges rbalancesheet withsheet withchanges rsheet withchanges rchanges reporte,,,,
,,,,,,,,,Adjustme,nts from Adop,tion of,,,
in the statement of opt of operations eact of operations eacerations each reportingt of operations eacerations each reportingerations each reportingh reportingperiod. The,t of operations eacerations each reportingerations each reportingh reportingperiod. Theerations each reportingh reportingperiod. Theh reportingperiod. Theperiod. Thenew cryp,erations each reportingh reportingperiod. Theh reportingperiod. Theperiod. Thenew cryph reportingperiod. Theperiod. Thenew crypperiod. Thenew crypnew crypto ass,h reportingperiod. Theperiod. Thenew crypperiod. Thenew crypnew crypto assperiod. Thenew crypnew crypto assnew crypto assto assets standa,period. Thenew crypnew crypto assnew crypto assto assets standanew crypto assto assets standato assets standaets standard also enha,new crypto assto assets standato assets standaets standard also enhato assets standaets standard also enhaets standard also enhard also enhances the othe,to assets standaets standard also enhaets standard also enhard also enhances the otheets standard also enhard also enhances the otherd also enhances the othences the other intangible,ets standard also enhard also enhances the otherd also enhances the othences the other intangiblerd also enhances the othences the other intangiblences the other intangibler intangibleasset dis,rd also enhances the othences the other intangiblences the other intangibler intangibleasset disnces the other intangibler intangibleasset disr intangibleasset disasset disclosure req,nces the other intangibler intangibleasset disr intangibleasset disasset disclosure reqr intangibleasset disasset disclosure reqasset disclosure reqclosure requirement,r intangibleasset disasset disclosure reqasset disclosure reqclosure requirementasset disclosure reqclosure requirementclosure requirementuirements by,,,,
Consolidated,Statem,ent of Ope,rations (un,audited):,,,As Previous,ly Reported,,Standard,,As,Adjusted,
"Other income, n",et,,,,,$,,12,Adjustments from Adop,nts from Adoption of,,$,,363
Provision for in,come t,axes,,,,$,,80,the New Crypto Ass,,52,$,,854
ConsolidatedStatem,Statement of Ope,ent of Operations (un,rations (unaudited):,,,$,As Previously Reported,,7 $,,183,$,,"2,790"
Net income per,share,attributable,to common,stockholder,s:,,,,,,,,,
"requiring the name, come, cost basis, fairme, cost basis, fairst basis, fairvalue, andme, cost basis, fairst basis, fairvalue, andst basis, fairvalue, andvalue, andnumber of u","me, cost basis, fairst basis, fairvalue, andst basis, fairvalue, andvalue, andnumber of ust basis, fairvalue, andvalue, andnumber of uvalue, andnumber of unumber of units for e","st basis, fairvalue, andvalue, andnumber of uvalue, andnumber of unumber of units for evalue, andnumber of unumber of units for enumber of units for enits for each s","value, andnumber of unumber of units for enumber of units for enits for each snumber of units for enits for each snits for each sach significant c",number of units for enits for each snits for each sach significant cnits for each sach significant cach significant cignificant crypto asset,nits for each sach significant cach significant cignificant crypto assetach significant cignificant crypto assetignificant crypto assetrypto assetholding. Duri,ach significant cignificant crypto assetignificant crypto assetrypto assetholding. Duriignificant crypto assetrypto assetholding. Durirypto assetholding. Duriholding. During the fourth,ignificant crypto assetrypto assetholding. Durirypto assetholding. Duriholding. During the fourthrypto assetholding. Duriholding. During the fourthholding. During the fourthng the fourthquarte,"rypto assetholding. Duriholding. During the fourthholding. During the fourthng the fourthquarteholding. During the fourthng the fourthquarteng the fourthquartequarter of 2024, w","holding. During the fourthng the fourthquarteng the fourthquartequarter of 2024, wng the fourthquartequarter of 2024, wquarter of 2024, wr of 2024, we adopted",,0.06,$,,0.89
Diluted,,,,,,$,,0.7,6 $,,0.05,$,,0.81
